DATE,SHARE CODE,ISSUER NAME,BANK,GOVERNMENT,PRIVATE EQUITY,TRUSTEE BANK,VENTURE CAPITAL,PRIVATE BANK,EXCHANGE TRADED FUNDS,INVESTMENT MANAGER,INVESTMENT ADVISORS,BROKERAGE FIRMS,HEDGE FUND,SOVEREIGN WEALTH FUND,CAPITAL MARKET SUPPORTING INSTITUTIONS AND PROFESSIONS,COMMANDITAIRE VENNOOTSCHAP (CV) OR LIMITED PARTNERSHIP,FIRM,INVESTMENT FUND SELLING AGENT,PEER TO PEER LENDING,PERMANENT ESTABLISHMENT,SOLE PROPRIETORSHIP,CORPORATE,ASSOCIATION/SOCIAL ORGANIZATIONS,STATE OWNED ENTERPRISES,CENTRAL BANK,STATE OWNED COMPANY,DIOCESE,CONFERENCE,CONGREGATION,COOPERATIVES,INTERNATIONAL ORGANIZATION,POLITICAL PARTIES,PARTNERSHIP,EDUCATIONAL INSTITUTION,MUTUAL FUNDS (MF),SECURITIES COMPANY (SC),PENSION FUNDS (PF),FINANCIAL INSTITUTIONAL (IB),INSURANCE (IS),FOUNDATION (FD),INDIVIDUAL (ID),TOTAL SCRIPLESS
31-Mar-2026,AADI,ADARO ANDALAN INDONESIA Tbk,33148251,2508508,1761653,18134057,641,10109851,57786074,691850,62982912,675450,88061566,12041273,45966114,1481896,255547,0,0,0,1754,5054269518,200,0,665300,2712399,20000,75000,0,75,0,0,191000,6,348044287,19493000,75669753,100756362,124228560,4764134,1720394769,7786891760
31-Mar-2026,AALI,ASTRA AGRO LESTARI Tbk,14218557,2907810,276900,4023214,0,3057566,14174010,373622,18983527,2633614,537500,3698288,1454323,34000,53500,0,0,0,0,34128939,0,13683700,52000,444910,0,0,0,700,14900,0,4766427,93900,42367203,4760832,32557839,246276,51659216,3985612,135608208,390797093
31-Mar-2026,ABBA,MAHAKA MEDIA Tbk,629886,0,0,0,0,1690000,0,0,100,0,0,0,100,0,16327299,0,0,0,0,2351791406,0,0,0,0,0,0,0,0,0,0,0,0,0,1754723,0,39999999,0,71,1065462748,3477656332
31-Mar-2026,ABDA,ASURANSI BINA DANA ARTA Tbk,28003598,20,21728234,0,0,2000,0,30499400,16,0,0,0,100,0,0,0,0,0,0,44057,0,0,0,0,0,0,0,0,0,0,0,0,0,11850,0,0,538555304,440734,483757,619769070
31-Mar-2026,ABMM,ABM INVESTAMA Tbk,3549132,42100,43000,0,127000,1000000,2622000,675400,6696217,12,0,93400,20100,53500,114300,0,0,0,0,2197653000,0,0,0,1000,0,0,0,0,0,0,68965,0,110388073,4283227,4244274,206800,1847600,0,419435900,2753165000
31-Mar-2026,ACES,ASPIRASI HIDUP INDONESIA Tbk,114318092,35560900,38498900,511982900,30200,24030100,186055379,5380000,379421819,2234809,172752200,151104400,2999809,416200,420000,0,0,0,529100,11105407418,3800,0,640912,15616600,0,0,0,1089000,1700000,0,0,12255124,1028907610,114439506,261586999,9285900,409082200,21152332,2513387491,17120289700
31-Mar-2026,ACRO,SAMCRO HYOSUNG ADILESTARI Tbk,1561000,0,0,0,0,0,0,0,11585100,0,0,0,0,4700,0,0,0,0,0,25000,0,0,0,0,0,0,0,0,0,0,0,0,0,105402,0,0,0,0,3456064335,3469345537
31-Mar-2026,ACST,ACSET INDONUSA Tbk,1888020,80,0,0,0,1427124,0,16000,5655100,20,0,0,6100,228400,0,0,0,67,0,16221149988,0,0,0,0,0,0,0,0,0,0,0,0,0,1792386,0,0,0,0,1442996715,17675160000
31-Mar-2026,ADCP,ADHI COMMUTER PROPERTI Tbk,572600,0,0,0,0,0,0,0,21544900,0,0,0,100,0,0,0,0,0,0,450680900,0,0,0,0,0,0,0,147078400,0,0,0,0,0,1772700,1200000,0,0,900,1599371700,2222222200
31-Mar-2026,ADES,AKASHA WIRA INTERNATIONAL Tbk,3923150,0,10000,61400,0,122200,0,0,22800,97,0,0,2200,0,0,0,0,0,0,542062477,0,0,0,0,0,0,0,0,0,0,0,0,453300,434071,60300,56200,0,0,42000177,589208372
31-Mar-2026,ADHI,ADHI KARYA (PERSERO) Tbk,7289453,3414087,814100,0,0,8000000,5789369,18000,7534807,3006,0,226107,2039202,1400084,17000,0,0,0,0,325873552,0,260820,2359600,3260000,0,0,20000,964900,0,0,0,0,17512291,256315378,50370880,0,22825359,15300335,2267216857,2998825187
31-Mar-2026,ADMF,ADIRA DINAMIKA MULTI FINANCE Tbk,920954338,3074,0,0,0,233757759,0,3768900,68906,17247,168500,0,219911,0,14900,0,0,0,0,712888,0,0,0,0,0,0,0,0,0,0,0,0,8602100,4719023,464831,9845654,5082393,8671,47294014,1235703109
31-Mar-2026,ADMG,POLYCHEM INDONESIA Tbk,2634847,0,0,0,0,2000000,0,0,1296500,62,0,0,1435881,0,0,0,0,0,0,1399506593,0,100,0,0,0,0,0,0,0,0,1925414417,0,83,4821823,2290400,0,1030000,0,504840087,3845270793
31-Mar-2026,ADMR,ALAMTRI MINERALS INDONESIA Tbk,39754711,5303500,18970800,9433500,2500,10834700,49670248,9925300,648163880,2901,0,165913900,12881005,2075300,12000,0,4000,0,0,36412815333,0,0,920900,18246800,113800,800000,0,0,0,0,196500,0,1066786499,15429124,260314030,3451894,564086200,28429900,1537792275,40882331500
31-Mar-2026,ADRO,ALAMTRI RESOURCES INDONESIA Tbk,241082446,51854800,11000763,89834300,5000,31752589,761195885,35592200,147014543,11575179,11477800,84661492,56512883,6210010,13320200,0,0,292,7700,17065893036,2900,12152200,5481900,26020000,270000,400000,0,4700,293000,0,98224115,422000,1795770560,55484241,412344078,46683686,595904432,47099300,7674141170,29389689400
31-Mar-2026,AEGS,ANUGERAH SPAREPARTS SEJAHTERA Tbk,698200,0,0,0,0,0,0,0,0,0,0,0,0,9667000,0,0,0,0,0,1519000,0,0,0,0,0,0,0,0,0,0,0,0,0,58800025,0,0,0,0,935396496,1006080721
31-Mar-2026,AGAR,ASIA SEJAHTERA MINA Tbk,0,0,0,0,0,0,0,0,190100,0,0,0,100,0,0,0,0,0,0,798985300,0,0,0,0,0,0,0,0,0,0,0,0,0,163800,0,0,0,0,200660700,1000000000
31-Mar-2026,AGII,SAMATOR INDO GAS Tbk,3918400,0,993795720,0,0,9000000,642800,0,3343100,200000,0,0,74500,26700,0,0,0,0,1500,1109992129,0,0,0,0,0,0,0,0,0,0,0,0,36458500,8260060,0,0,0,100,69803491,2235517000
31-Mar-2026,AGRO,BANK RAYA INDONESIA Tbk,21312559686,0,100,0,93,1000000,0,250000,10788200,80,0,0,284852,1529400,199517,0,0,0,92200,126033380,0,0,0,0,0,0,0,894971,0,0,0,50000,5898598,5385015,602651003,0,0,2444957,2413415341,24483477393
31-Mar-2026,AGRS,BANK IBK INDONESIA Tbk,33091500,0,214,0,0,4702910654,0,0,15580300,1,0,0,1619300,469881,12084200,0,0,0,0,388150277,0,0,0,0,0,0,0,0,0,0,0,0,0,1416516788,0,0,0,481,1705725233,8276148829
31-Mar-2026,AHAP,ASURANSI HARTA AMAN PRATAMA Tbk,13134600,0,0,0,0,231,0,0,10842300,56,0,0,100,0,1409900,0,0,0,0,49759976,50000,0,0,0,0,0,0,0,0,0,0,0,0,367736,0,103341,3130429009,66,1689561827,4895659142
31-Mar-2026,AIMS,ARTHA MAHIYA INVESTAMA Tbk,0,0,0,0,0,0,0,0,68556991,0,0,0,100,0,0,0,0,0,0,68992851,0,0,0,0,0,0,0,0,0,0,0,0,0,28400,0,0,0,0,82271658,219850000
31-Mar-2026,AISA,FKS FOOD SEJAHTERA Tbk,332101,50,10400,0,189880957,159181700,0,230000,18551600,149149,0,0,381811,1860,0,0,0,500,0,7111887791,0,0,0,0,0,0,0,8794615,0,0,0,0,6400913,10409113,6277700,0,169631429,160,1629050651,9311172500
31-Mar-2026,AKKU,ANUGERAH KAGUM KARYA UTAMA Tbk,0,0,72535100,0,195289000,0,0,0,23000000,0,0,0,100,0,2701540900,0,0,0,0,2818123200,0,1900,0,0,0,0,0,0,0,0,0,0,0,2704700,0,0,0,6900,636261836,6449463636
31-Mar-2026,AKPI,ARGHA KARYA PRIMA INDUSTRY Tbk,270,0,10000,0,0,0,0,0,49600,533,0,0,100,0,0,0,0,0,0,146212673,0,0,0,0,0,0,0,0,0,0,0,0,17500,80522,34,0,4000,0,100889807,247265039
31-Mar-2026,AKRA,AKR CORPORINDO Tbk,180282884,77724548,2329800,60786600,0,51968069,257741188,21970300,175367800,50,81034500,591605067,10067175,40100,0,0,0,0,4800,3569228010,3718900,115508000,803700,42824600,0,350000,538800,0,155800,0,135119500,0,2180847550,106872852,1039126297,2950700,740007100,34386525,878484285,10361845500
31-Mar-2026,AKSI,MINERAL SUMBERDAYA MANDIRI Tbk,0,0,0,0,0,0,0,0,625944,0,0,0,100,0,0,0,0,0,0,6467300,0,0,0,0,0,0,0,0,0,0,0,0,0,19800,0,0,0,0,50425356,57538500
31-Mar-2026,ALDO,ALKINDO NARATAMA Tbk,432400,0,0,0,0,0,0,0,319532,12,0,0,200,0,0,0,0,0,0,1957275932,0,0,0,0,0,0,0,0,0,0,0,0,0,82,0,0,0,0,742685586,2700713744
31-Mar-2026,ALII,ANCARA LOGISTICS INDONESIA Tbk,8450700,0,79500,0,0,0,0,0,8028400,0,0,0,0,0,0,0,0,0,0,12316440250,0,0,0,0,0,0,0,0,0,0,0,0,2602297940,2612100,0,0,0,0,887891110,15825800000
31-Mar-2026,ALKA,ALAKASA INDUSTRINDO Tbk,89500,0,0,0,0,0,0,0,14550800,2500,0,0,100,0,0,0,0,0,0,5000,0,0,0,0,0,0,0,0,0,0,0,0,0,21300,0,0,0,0,52083128,66752328
31-Mar-2026,ALMI,ALUMINDO LIGHT METAL INDUSTRY Tbk,0,0,0,0,0,0,0,0,74044336,0,0,0,12700,0,0,0,0,0,0,55828004,0,0,0,0,0,0,0,0,0,0,0,0,0,1886500,0,0,0,0,47732200,179503740
31-Mar-2026,ALTO,TRI BANYAN TIRTA Tbk,0,0,0,0,750,7560000,0,0,0,0,0,0,100,0,0,0,0,0,0,1222406827,0,0,0,149437339,0,0,0,0,0,0,0,0,0,235138018,0,0,0,0,577076024,2191619058
31-Mar-2026,AMAG,ASURANSI MULTI ARTHA GUNA Tbk,390691000,0,0,0,0,0,0,13008500,75400,100000,0,0,47000,0,0,0,0,0,0,197168521,0,0,0,0,0,0,0,0,0,0,0,0,2066800,89074000,210019533,0,55806100,0,42186496,1000243350
31-Mar-2026,AMAN,MAKMUR BERKAH AMANDA Tbk,3857600,0,0,0,0,0,0,0,5157600,0,0,0,100,0,0,0,0,0,0,3207900,0,0,0,0,0,0,0,0,0,0,0,0,0,1699000,0,0,0,0,571077800,585000000
31-Mar-2026,AMAR,BANK AMAR INDONESIA Tbk,415722453,0,0,0,0,1153900058,4411600,0,1128000,0,0,821275,100,0,7832400,0,0,0,0,16129462719,0,0,0,0,0,0,0,0,0,0,0,0,19419683,30351071,0,925148,0,176,433309077,18197283760
31-Mar-2026,AMFG,ASAHIMAS FLAT GLASS Tbk,1071300,0,0,0,0,1422300,0,0,82,83,0,0,1600,0,0,0,0,0,0,34024600,0,0,55300,0,0,0,99300,0,0,0,0,0,329800,12619735,162700,36900,138300,76900,35500600,85539500
31-Mar-2026,AMIN,ATELIERS MECANIQUES D`INDONESIE Tbk,0,0,0,0,0,0,0,11901000,78800,0,0,0,2821800,0,0,0,0,17438300,0,0,0,0,0,0,0,0,0,0,0,0,0,0,0,220600,0,0,0,0,316739500,349200000
31-Mar-2026,AMMN,AMMAN MINERAL INTERNASIONAL Tbk,549778078,100060383,1828184661,208481152,0,56725200,1386735705,264661571,62580535,2648817,4203700,164776510,191458229,145910,2074060,0,0,0,61914230,63757851595,43200,2920224,218585800,18195900,0,300000,0,0,282600,0,1560500,10217300,1395295159,199037316,517090518,12189171,286247247,7792700,1206179685,72518217656
31-Mar-2026,AMMS,AGUNG MENJANGAN MAS Tbk,300,0,100000,0,0,0,0,700000,61892343,0,0,0,100,0,0,0,0,0,0,929997317,0,0,0,0,0,0,0,0,0,0,0,0,0,242179,0,0,0,38,242364525,1235296802
31-Mar-2026,AMOR,ASHMORE ASSET MANAGEMENT INDONESIA Tbk,2136400,0,0,0,0,270000,0,0,1105400,0,0,0,150100,0,0,0,0,0,100,352431300,0,0,0,0,0,0,0,0,0,0,0,0,1807946,27851000,0,0,19351854,0,482998300,888102400
31-Mar-2026,AMRT,SUMBER ALFARIA TRIJAYA Tbk,122483532,305484157,17451753,316863335,0,111250956,791254683,151294786,173152520,627587,35565464,203300874,8152019,1319773,2034701026,0,0,0,0,25010832507,65400,21118100,337914947,23351800,0,0,0,20438901,561500,0,177419365,10464700,5403103107,9425578,1919089913,20335293,400678834,14653300,3882145990,41524501700
31-Mar-2026,ANDI,ANDIRA AGRO Tbk,0,0,5664000,0,0,0,0,8,21711100,0,0,0,5100,833940,0,543981,0,0,0,810412392,0,19219105,0,143100,0,0,0,26,0,0,0,0,1017794267,245072747,420600,0,1366550,110879,2576672205,4699970000
31-Mar-2026,ANJT,AUSTINDO NUSANTARA JAYA Tbk,4900,0,0,0,0,0,0,0,718000,0,0,0,100,0,0,0,0,0,0,3299909382,0,0,0,0,0,0,0,0,0,0,0,0,100,312400,0,0,0,0,53230118,3354175000
31-Mar-2026,ANTM,ANEKA TAMBANG Tbk,294633195,160616839,48247955,87403245,10000,21862309,479661511,21544441,169065899,34716491,192802900,300023106,11548898,4825200,175000,125000,0,0,3600,97723983,0,37168810,62448308,37849100,0,150000,460900,17010200,10921400,0,20738962,14657800,2369167824,78633193,992541624,83208408,759087655,118493951,1845643785,8373171492
31-Mar-2026,APEX,APEXINDO PRATAMA DUTA Tbk,58647200,0,12233629,0,0,1433000,0,0,7437200,22,0,0,166901,120000,159295175,220767550,0,0,0,1216390248,0,0,0,0,0,0,0,0,0,0,0,0,0,833746984,0,0,0,0,958515080,3468752989
31-Mar-2026,APIC,PACIFIC STRATEGIC FINANCIAL Tbk,386666477,0,152141635,51683000,40400000,0,76158900,139000000,531725050,28,805400,26320473,100,0,887032733,0,0,0,0,7184173634,0,0,0,0,0,0,0,0,268500,0,450617500,1610300,534278551,456917523,171995429,754100,115564800,2300000,555899355,11766313488
31-Mar-2026,APII,ARITA PRIMA INDONESIA Tbk,1500000,0,142971000,0,0,0,0,125000,212600,0,0,0,798700,0,1556100,0,0,0,0,100000,0,0,0,0,0,0,0,0,0,0,0,0,0,34960100,0,0,0,0,92400500,274624000
31-Mar-2026,APLI,ASIAPLAST INDUSTRIES Tbk,0,0,0,0,0,0,0,0,90800,500,0,0,100,0,0,0,0,0,0,216696400,0,0,0,0,0,0,0,0,0,0,0,0,0,696700,0,0,0,0,545085900,762570400
31-Mar-2026,APLN,AGUNG PODOMORO LAND Tbk,281533964,0,260000,0,0,22550341,80200,0,37931088,200109,0,0,1760100,100000,0,0,0,0,0,19017701180,0,1595800,0,0,0,0,0,390000,0,0,4586600,0,152700,174294481,16234800,0,3688600,700000,3135566816,22699326779
31-Mar-2026,ARCI,ARCHI INDONESIA Tbk,23027562,5954200,1600000,9771700,2673900,10381500,126819073,29424700,19854061,10,35000000,266271900,167000,2243100,50000,0,22100,0,0,21355325216,0,0,0,21687600,400000,400000,0,1000,0,0,0,6860700,642181400,587955955,82811300,3235500,598980000,9449200,1392451323,25235000000
31-Mar-2026,AREA,DUNIA VIRTUAL ONLINE Tbk,0,0,0,0,0,0,0,0,1461100,0,0,0,0,0,0,0,0,0,0,383774000,0,0,0,0,0,0,0,0,0,0,0,0,0,11600,0,0,0,0,124753300,510000000
31-Mar-2026,ARGO,ARGO PANTES Tbk,5301100,0,0,0,0,0,0,0,170800,2000,0,0,12600,0,0,0,0,0,0,659757914,0,0,0,0,0,0,0,0,0,0,0,0,0,70100,0,4000,45000,0,2803500,668167014
31-Mar-2026,ARII,ATLAS RESOURCES Tbk,1412200,0,32602100,0,0,216944100,0,0,12997900,0,0,0,100,0,0,0,0,0,0,2199903300,0,0,0,0,0,0,0,0,0,0,0,0,149584800,63500,0,0,117981800,35300,531113900,3262639000
31-Mar-2026,ARKA,ARKHA JAYANTI PERSADA Tbk,0,0,0,0,0,0,0,0,0,0,0,0,100,0,7500,0,0,0,0,1092802700,0,0,0,0,0,0,0,0,0,0,0,0,0,1163400,0,0,0,0,904776300,1998750000
31-Mar-2026,ARKO,ARKORA HYDRO Tbk,4449700,0,31488432,0,0,14063800,0,0,1075600,0,0,0,16800,110100,1237100,0,0,0,0,2571015318,0,0,0,0,0,0,0,0,0,0,0,0,14500,389200,0,0,0,0,304634450,2928495000
31-Mar-2026,ARMY,ARMIDIAN KARYATAMA Tbk,270423058,526952595,328384064,0,0,29125000,230900,96153513,4450882,0,0,0,8660123,120170,455224215,106704,0,0,0,2618609436,0,1042703112,0,20200,0,0,0,0,0,0,0,0,1110550602,286559017,8206980,0,196216367,2541380,1800597182,8785835500
31-Mar-2026,ARNA,ARWANA CITRAMULIA Tbk,172262278,0,0,0,0,30100000,8590400,17619700,421945500,2783810,0,109633400,620100,0,40000,0,0,0,0,1414930276,0,0,0,277600,0,0,0,0,0,0,16288200,0,1104357076,29429983,148583087,9390600,257345897,0,3597233069,7341430976
31-Mar-2026,ARTA,ARTHAVEST Tbk,700,0,0,0,0,20000000,0,0,0,0,0,0,350,0,17859300,0,0,0,0,34017600,0,0,0,0,0,0,0,0,0,0,0,0,0,6216600,0,0,0,0,368579625,446674175
31-Mar-2026,ARTI,RATU PRABU ENERGI Tbk,100,23750000,548500,0,1000000,0,20569200,590500,3325300,0,0,0,0,0,0,0,0,0,0,2644867386,0,200,0,0,0,0,0,0,0,0,0,0,135600100,9516590,739500000,0,423655974,20000,3835681150,7838625000
31-Mar-2026,ARTO,BANK JAGO Tbk,3910088,1148207249,30138,31001400,27700,116797318,96322135,27559562,114419494,144593,119514205,56327626,541984,30000,3991846563,0,0,0,0,4343653951,0,0,101939351,2429273,0,0,0,55415,55300,0,17750000,23278538,252462839,33310893,160585503,1731388059,54099444,7091965,1187987814,13622768400
31-Mar-2026,ASBI,ASURANSI BINTANG Tbk,0,0,0,0,0,0,0,0,860,0,0,0,100,0,0,0,0,0,0,315698795,0,0,0,0,0,0,0,0,0,0,1374,0,0,980174,22,180540,13410592,40,15217349,345489846
31-Mar-2026,ASDM,ASURANSI DAYIN MITRA Tbk,892200,0,0,0,0,0,0,1227000,34482800,0,0,0,36200,0,0,0,0,0,0,31297500,0,0,0,0,0,0,0,0,0,0,0,0,4000000,3188400,0,67200,0,0,34519220,109710520
31-Mar-2026,ASGR,ASTRA GRAPHIA Tbk,8890025,301700,0,183000,0,1703200,176000,2661800,2159400,2561,0,0,700600,5629000,0,0,0,0,0,12914600,0,0,0,0,0,0,0,0,0,0,1477700,158900,14633000,6979026,3032200,300000,1667600,280400,233751348,297602060
31-Mar-2026,ASHA,CILACAP SAMUDERA FISHING INDUSTRY Tbk,6143300,0,0,0,0,0,0,0,32992800,0,0,0,650100,94500,0,0,0,0,0,2602750200,0,0,0,0,0,0,0,0,0,0,0,0,0,3312900,0,0,0,0,2354056200,5000000000
31-Mar-2026,ASII,ASTRA INTERNATIONAL Tbk,373112454,314600029,19530158,597141875,3332500,41424153,1182098391,107429993,129843129,8854093,372387447,359647762,57446845,2112388,8579338,0,0,39969700,3800,646884112,57700,280570375,735687581,74724344,0,100000,303900,5100,2774800,0,114855976,1465500,6774808732,63839832,2108841397,381499271,2091933461,304846900,1054746224,18255459260
31-Mar-2026,ASJT,ASURANSI JASA TANIA Tbk,0,0,0,0,0,0,0,0,1344200,0,0,0,878,10997,1794100,0,0,0,0,16721249,0,28130800,0,0,0,0,0,5702950,0,0,0,0,29918717,56379004,1083520009,0,0,22,176477074,1400000000
31-Mar-2026,ASLC,AUTOPEDIA SUKSES LESTARI Tbk,1334500,0,0,0,0,0,0,0,39839000,0,0,0,43900,0,6987900,0,0,0,0,177415963,0,0,0,0,0,0,0,0,0,0,54961300,0,0,1734000,0,1894000,0,100,2570927422,2855138085
31-Mar-2026,ASLI,ASRI KARYA LESTARI Tbk,1332600,0,117000,0,0,0,0,0,10655100,0,0,0,590000,0,0,0,0,0,0,4058758900,0,0,0,0,0,0,0,0,0,0,0,0,0,986300,0,0,0,162400,2177397700,6250000000
31-Mar-2026,ASMI,ASURANSI MAXIMUS GRAHA PERSADA Tbk,700,0,23473800,0,0,0,0,29785900,98756300,0,0,0,100,24833900,1357300,0,0,0,0,1879673500,0,0,0,0,0,0,0,0,0,0,5969100,0,431000,14592750,0,0,2693479000,0,4186027110,8958380460
31-Mar-2026,ASPI,ANDALAN SAKTI PRIMAINDO Tbk,300,0,0,0,0,0,0,0,1327800,0,0,0,100,6800000,0,0,0,0,0,351891300,0,0,0,0,0,0,0,0,0,0,0,0,0,100,0,0,0,0,323786125,683805725
31-Mar-2026,ASPR,ASIA PRAMULIA Tbk,3990400,0,0,0,0,0,0,0,22999400,0,0,0,0,0,0,0,0,0,0,4136600,0,0,0,0,0,0,0,0,0,0,0,0,0,1317500,0,0,0,0,779556100,812000000
31-Mar-2026,ASRI,ALAM SUTERA REALTY Tbk,20394112,21641215,0,0,0,240879100,35628800,830000,28120753,152,0,1576100,7417800,2554800,0,0,0,0,0,9971641178,100,0,0,0,0,0,804700,0,0,0,0,0,443442950,2316221864,78963000,3459300,136416700,1045000,3355924264,16666961888
31-Mar-2026,ASRM,ASURANSI RAMAYANA Tbk,0,0,9513,0,135030147,0,0,8989184,52900,52823,0,0,9332,0,1503,0,0,0,0,5026668,0,0,0,0,0,0,0,20447956,0,0,0,0,0,1319948,0,0,63894,567,80199201,251203636
31-Mar-2026,ASSA,ADI SARANA ARMADA Tbk,41069865,1889800,963806974,8497000,0,69289104,8137600,98737600,7030800,77,0,60758000,3801700,4886100,100000,0,0,0,0,850123875,0,0,567100,6518100,0,0,0,0,0,0,100,0,206953491,19462285,26746973,708200,19771000,3644229,1288637544,3691137517
31-Mar-2026,ATAP,TRIMITRA PRAWARA GOLDLAND Tbk,2368700,0,30600,0,0,0,0,0,962800,0,0,0,100,0,638500,0,0,0,0,9214233,0,0,0,0,0,0,0,0,0,0,0,0,0,190400,0,0,0,0,236594667,250000000
31-Mar-2026,ATIC,ANABATIC TECHNOLOGIES Tbk,19600,0,671087374,0,0,0,0,0,470300,0,0,0,100,0,17500,0,0,0,0,1030835185,0,0,0,0,0,0,0,0,0,0,0,0,0,25045,169900,0,0,0,455284371,2157909375
31-Mar-2026,ATLA,ATLANTIS SUBSEA INDONESIA Tbk,84900,0,0,0,0,0,0,0,62958600,0,0,0,0,0,90000,0,0,0,0,4499200,0,0,0,0,0,0,0,2000000,0,0,0,0,0,11196495,0,0,0,905,6118747593,6199577693
31-Mar-2026,AUTO,ASTRA OTOPARTS Tbk,51345904,2650020,478900,1221900,0,21483500,6611360,662600,8388261,48,0,43131100,2896100,6800,546000,0,0,0,0,310420442,0,200,503608,885100,0,0,0,75,0,0,582100,0,144310239,35919332,21587867,149200,77188100,3163500,228572187,962704443
31-Mar-2026,AVIA,AVIA AVIAN Tbk,19061305,13707500,0,691091485,407570900,76833609,350991984,0,281366200,1450099,550595772,283348321,3102429,216800,3500,0,0,0,0,29592847292,0,0,1399300,14016900,0,0,0,960600,0,0,586900,142521500,3003120680,14248183,406609869,3704500,134432800,11703900,843530072,36849022400
31-Mar-2026,AWAN,ERA DIGITAL MEDIA Tbk,7506200,0,0,0,0,0,0,0,1621100,0,0,0,6000000,6500000,0,0,0,0,0,2634997515,0,0,0,0,0,0,0,0,0,0,0,0,400000000,27183200,0,0,0,0,351191985,3435000000
31-Mar-2026,AXIO,TERA DATA INDONUSA Tbk,0,0,0,0,0,0,0,0,1475100,0,0,0,100,0,0,0,0,0,0,1143379800,0,0,0,0,0,0,0,0,0,0,0,0,0,0,0,0,0,0,545271500,1690126500
31-Mar-2026,AYAM,JANU PUTRA SEJAHTERA Tbk,17559200,0,0,0,0,0,0,0,40721900,0,0,0,0,0,74002400,0,0,0,0,3488000,0,0,0,0,0,0,0,0,0,0,0,0,657000,1102500,0,0,0,303600,3798165400,3936000000
31-Mar-2026,AYLS,AGRO YASA LESTARI Tbk,0,0,178500,0,0,500000,0,0,30700,0,0,0,100,2869700,0,0,0,0,0,594820000,0,0,0,0,0,0,0,0,0,0,0,0,0,12441700,0,0,0,0,242582536,853423236
31-Mar-2026,BABP,BANK MNC INTERNASIONAL Tbk,7816576,24,60150,0,145600,75232000,0,4550000,10446106355,22,0,0,900100,5414700,80100,0,0,0,21450000,27977616326,0,0,0,0,0,0,0,0,0,0,39294600,0,94490300,46067882,5725000,0,117046900,3911395,5168425096,44014333126
31-Mar-2026,BABY,MULTITREND INDO Tbk,0,0,80100000,0,0,0,0,0,5510400,0,0,0,0,0,0,0,0,0,0,2416459106,0,0,0,0,0,0,0,0,0,0,0,0,14514500,0,0,0,0,0,99642700,2616226706
31-Mar-2026,BACA,BANK CAPITAL INDONESIA Tbk,16438099,5641100,250100,0,10000,4795302489,633700,188144007,8101600,100,0,2148300,536700,0,750000,0,0,0,0,11122681271,0,0,0,0,0,0,0,37500,0,0,0,0,1786912413,1131870,2145700,933000,367100000,695000,1453901687,19753494636
31-Mar-2026,BAIK,BERSAMA MENCAPAI PUNCAK Tbk,1534700,0,100,0,0,0,0,0,7977100,0,0,0,0,0,0,0,0,0,0,252500,0,0,0,0,0,0,0,0,0,0,0,0,0,433300,0,0,0,0,217299872,227497572
31-Mar-2026,BAJA,SARANACENTRAL BAJATAMA Tbk,185900,0,0,0,0,0,0,0,1878900,0,0,0,100,0,0,0,0,0,0,88000000,0,0,0,0,0,0,0,0,0,0,0,0,0,6500,0,0,0,0,309928600,400000000
31-Mar-2026,BALI,BALI TOWERINDO SENTRA Tbk,0,0,192500000,0,0,67000000,0,0,68686600,0,0,0,100,0,0,0,0,0,0,2590040621,0,38033100,0,0,0,0,0,0,0,0,0,0,170659300,113945450,0,0,2,0,251657327,3492522500
31-Mar-2026,BANK,BANK ALADIN SYARIAH Tbk,378432,0,72581000,47835700,13200,242293300,113880200,25525000,77754803,85,591800,27170590,1112300,0,400,0,0,0,0,10187492357,0,0,0,0,0,0,0,0,223800,0,0,1334200,827885600,142972029,72674637,594700,1893651400,300,254617741,13990583574
31-Mar-2026,BAPA,BEKASI ASRI PEMULA Tbk,575000,0,0,0,0,0,0,0,1032500,4305500,0,0,100,0,0,0,0,0,0,369438400,0,0,0,0,0,0,0,0,0,0,0,0,0,98122917,0,0,0,0,188305103,661779520
31-Mar-2026,BAPI,BHAKTI AGUNG PROPERTINDO Tbk,52297656,0,0,0,0,0,0,45,270453,0,0,0,789648,0,52962,84490,0,0,0,970399167,0,37981406,0,0,0,0,0,102500,0,0,0,0,116102322,18792868,1114534,0,86593,1068889,2142161220,3341304753
31-Mar-2026,BATA,SEPATU BATA Tbk,50000,0,0,54313900,0,0,0,0,1499800,0,0,0,100,0,280000,0,0,0,0,234400,0,0,0,0,0,0,0,0,0,0,0,0,0,3296500,0,0,0,0,160835770,220510470
31-Mar-2026,BATR,BENTENG API TECHNIC Tbk,280000,0,0,0,0,0,0,0,2209700,0,0,0,0,0,0,0,0,0,0,362976500,0,0,0,0,0,0,0,0,0,0,0,0,0,2400,0,0,0,0,2659568753,3025037353
31-Mar-2026,BAUT,MITRA ANGKASA SEJAHTERA Tbk,800,0,749910000,0,0,0,0,0,0,0,0,0,100,0,0,0,0,0,0,2604495200,0,0,0,0,0,0,0,58000,0,0,0,0,0,40,0,0,0,41000,1445677829,4800182969
31-Mar-2026,BAYU,BAYU BUANA Tbk,44656354,0,29,0,0,91214666,0,754430,137272,1250,0,0,463,0,0,0,0,0,0,155051146,0,0,0,0,0,0,0,0,0,0,0,0,21343300,29081,0,215,607283,0,31603466,345398955
31-Mar-2026,BBCA,BANK CENTRAL ASIA Tbk,1502328781,1507287513,123861245,1239797902,42911900,170930417,2542633791,357528685,377337836,696432,316261648,1902522576,208022445,14994707,13525839,0,18000,0,3042000,1243909397,19647838,303884156,1429393109,144450300,615000,848700,4603000,104812224,107613930,0,316220625,63396770,19267338326,299480785,5650905708,204771414,2493504438,332843165,10141750518,52453691120
31-Mar-2026,BBHI,ALLO BANK INDONESIA Tbk,112783775,0,2824933416,0,0,510524539,1503200,1500760,465327,60,0,202300,50100,602,2300,0,0,0,0,16968427319,4813200,0,0,0,0,0,0,0,0,0,0,0,4989272,21118493,234000,496700,3181,410,1060904923,21512953877
31-Mar-2026,BBKP,BANK KB INDONESIA Tbk,72742575,0,32790267794,0,0,240436675,1154497,28994739,92250030,3265020,0,0,6568354,6533313,4393800,0,66662,0,0,2231694434,0,0,0,1038970631,0,0,0,524365535,0,0,0,0,235057808,397521127,20085987,4414432,52505100,3101554,23238929460,60993319527
31-Mar-2026,BBLD,BUANA FINANCE Tbk,69047618,0,0,0,0,186034162,0,0,52,0,0,0,100,0,0,0,0,0,0,1244114583,0,0,0,0,0,0,0,0,0,0,0,0,1125300,226493,0,0,44715685,0,99208037,1644472030
31-Mar-2026,BBMD,BANK MESTIKA DHARMA Tbk,100,0,100,0,0,0,0,111020000,60965500,0,0,0,100,0,0,0,0,0,0,100,0,0,0,0,0,0,0,0,0,0,0,0,0,43700,0,0,0,0,257970400,430000000
31-Mar-2026,BBNI,BANK NEGARA INDONESIA Tbk,170237855,228391570,23680559,293784862,63700,28405324,800934415,79688020,100509654,1095909,96235257,457087478,14983295,2371808,5664592,374,0,0,14232,281347548,1816700,556600295,392086199,52748884,0,300000,0,12641630,883400,0,28904981,17520650,4341256192,72764585,1401186092,193238636,2201939311,61047376,2992957865,14912389248
31-Mar-2026,BBRI,BANK RAKYAT INDONESIA (PERSERO) Tbk,2346924566,1409656466,170920512,1213111505,175453,184056981,3576588407,419995443,220058413,1427072,1053181459,7117628791,87015524,66122813,117832830,351100,32600,71705700,2806700,1145552904,53047562,864502190,1508944419,174181103,3170600,250000,1759700,16156851,3727366,0,246968076,127734588,20256170147,185157157,8832791561,1391406477,4962759904,527532537,12577632195,70939037672
31-Mar-2026,BBRM,PELAYARAN NASIONAL BINA BUANA RAYA Tbk,162119400,0,47501634,0,0,75291176,0,933333,5836300,0,0,0,38627566,1222066,0,0,0,0,0,7699576984,0,0,0,0,0,0,0,0,0,0,0,0,3160600,68271739,0,20357843,0,66,356590492,8479489199
31-Mar-2026,BBSI,KROM BANK INDONESIA Tbk,14435,0,517284277,0,6161,168135751,0,0,12100,0,0,0,100,0,0,0,0,0,0,2756042877,0,0,0,0,0,0,0,0,0,0,0,0,0,12577,0,0,0,2,208436028,3649944308
31-Mar-2026,BBSS,BUMI BENOWO SUKSES SEJAHTERA Tbk,400,0,796862800,0,0,0,0,0,1323000,0,0,0,100,0,0,0,0,0,0,0,0,0,0,0,0,0,0,0,0,0,0,0,0,5000,0,0,0,0,501824720,1300016020
31-Mar-2026,BBTN,BANK TABUNGAN NEGARA (PERSERO) Tbk,177812185,58498224,2071100,45037300,4480000,17318792,298035942,51540448,61176400,99431,640362,46943412,596029,4511602,35662,0,0,0,100,132997949,0,725596217,1944500,31004111,0,0,80000,904000,138574,0,70559300,43479604,1282563888,46037709,333761046,1971735,733001469,41343926,1399496048,5613677065
31-Mar-2026,BBYB,BANK NEO COMMERCE Tbk,25842659,3888788,100678550,258100,125641268,93615321,251749296,196436324,231478592,107,20357996,440000,3377881,1415988,4607300,0,0,0,26300,7976992649,0,0,0,358200,28,0,0,2736892,0,0,0,0,554629116,135919888,65972359,5697210,39575217,3285003,3343254904,13188235936
31-Mar-2026,BCAP,MNC KAPITAL INDONESIA Tbk,2170300,0,3900000700,0,0,115055100,0,3053800,5198861735,0,0,0,100,12210000,0,0,0,0,719534689,22650338777,0,606100,0,0,0,0,0,19607900,0,0,1434209881,0,37197200,2789699969,49201800,0,0,0,5687102876,42618850927
31-Mar-2026,BCIC,BANK JTRUST INDONESIA Tbk,13162012,39,700368941,0,0,3971991489,0,845,880504218,59,0,0,30139,0,4,14018,0,0,0,447537332,0,0,0,0,0,0,0,0,0,0,0,0,205,1761447,0,26519,0,99,230672415,6246069781
31-Mar-2026,BCIP,BUMI CITRA PERMAI Tbk,932200,90,0,0,0,0,0,0,7791700,0,0,0,4100,0,0,0,0,0,0,659410820,0,18000000,0,0,0,0,0,0,0,0,0,0,128400809,63356001,44057000,0,0,0,507962805,1429915525
31-Mar-2026,BDKR,BERDIKARI PONDASI PERKASA Tbk,11712500,0,0,0,0,0,0,0,10673000,15000000,0,0,100,0,0,0,0,0,0,1374967100,0,0,0,0,0,0,0,0,0,0,0,0,0,128300,0,0,0,0,3312620522,4725101522
31-Mar-2026,BDMN,BANK DANAMON INDONESIA Tbk,192415467,2573681,372900,352760,0,8946882493,10107492,1016979,5552524,2438,0,0,2814417,65400,26700,0,0,95846434,2026,95441713,103700,47,329396,919701,0,0,0,0,0,0,0,0,16729182,16693587,15306985,1165,7700841,1216771,357631773,9770106572
31-Mar-2026,BEBS,BERKAH BETON SADAYA Tbk,2479717890,0,0,19876200,0,50000000,39940500,0,395999800,135,0,0,274750,0,3000,0,0,0,0,20088036390,0,0,0,0,0,0,0,0,0,0,0,0,0,579865125,0,0,0,2500,21346283710,45000000000
31-Mar-2026,BEEF,ESTIKA TATA TIARA Tbk,793925,0,0,0,81600,0,0,0,332091779,0,0,0,117,0,0,0,0,0,97,5920618438,0,0,0,0,0,0,0,0,0,0,0,0,0,4054788,4342270,138000000,795000,130,1714297681,8115075825
31-Mar-2026,BEER,JOBUBU JARUM MINAHASA Tbk,406100,0,370723400,0,0,0,0,0,3644600,0,0,0,100,0,0,0,0,0,0,3183867925,0,0,0,0,0,0,0,0,0,0,0,0,329928500,11000,0,0,0,120075,111298300,4000000000
31-Mar-2026,BEKS,BANK PEMBANGUNAN DAERAH BANTEN Tbk,27809306,0,501515,0,0,297941683,0,55020,0,367044,0,0,322465,420303,32507,0,0,0,600000,521324445,0,5530,0,0,0,0,0,2555718,0,0,0,0,106985155,291613772,1429400,0,180090,61002,16328477650,17580682605
31-Mar-2026,BELI,GLOBAL DIGITAL NIAGA Tbk,4207061,0,0,6483525,0,17350000,0,1915995,2498600,81,0,0,340100,0,0,0,0,0,0,34508529011,0,0,0,0,0,0,0,0,0,0,0,0,69412992,69342930,1487221,776500,0,0,2005340773,36687684789
31-Mar-2026,BELL,TRISULA TEXTILE INDUSTRIES Tbk,5608000,0,0,0,0,55494500,0,0,64900,0,0,0,10100,0,0,0,0,0,0,6598684100,0,0,0,0,0,0,0,0,0,0,0,0,0,7545700,0,0,0,0,582592700,7250000000
31-Mar-2026,BESS,BATULICIN NUSANTARA MARITIM Tbk,2200,0,0,0,0,0,0,0,2100,0,0,0,100,0,0,0,0,0,0,503209233,0,0,0,0,0,0,0,0,0,0,0,0,0,0,0,0,0,0,237241895,740455528
31-Mar-2026,BEST,BEKASI FAJAR INDUSTRIAL ESTATE Tbk,42627559,0,0,0,44601000,101800000,0,590000,12931800,146002,0,0,6195450,100000,104086000,0,0,0,0,5996953500,0,100,0,0,0,0,0,0,0,0,0,0,224674800,240908628,2520000,0,134637500,2000,2727536811,9640311150
31-Mar-2026,BFIN,BFI FINANCE INDONESIA Tbk,23758393,4654900,751835600,121805520,0,184909500,169850333,5041200,373321960,6500023,847184300,91242935,2566700,3242500,290250000,0,0,0,0,8065305428,0,5000,0,16922700,0,0,1230940,100584040,132600,0,2944240,2426200,1003774260,77012206,309074434,2408640,371071400,9483400,2184053108,15022592460
31-Mar-2026,BGTG,BANK GANESHA Tbk,19673300,0,250100,0,333720000,25404200,12619100,0,802853600,50,0,0,100,1,22388900,0,0,0,0,9900277274,0,0,0,0,0,0,0,0,0,0,0,2260100,55562400,1827313921,0,3212200,8662300,1254737,2522310820,15537763103
31-Mar-2026,BHAT,BHAKTI MULTI ARTHA Tbk,134200,0,0,0,0,0,0,55470000,720209600,0,0,0,100,0,0,0,0,0,0,3177150800,0,0,0,0,0,0,0,0,0,0,206536000,0,477484200,112200,0,0,362420000,0,482900,5000000000
31-Mar-2026,BHIT,MNC ASIA HOLDING Tbk,829498439,0,26361000,0,10000000,121553087,0,37897800,25981603820,2500067,0,0,3100100,700,0,0,0,0,14348571255,16396496080,0,0,0,0,0,0,0,46800,0,0,4459061678,0,420832060,2233368106,29443900,174,5095000,2090,21162714549,86068146705
31-Mar-2026,BIKA,BINAKARYA JAYA ABADI Tbk,0,0,0,0,0,0,0,0,0,0,0,0,100,0,0,0,0,0,0,700,0,0,0,0,0,0,0,0,0,0,0,0,0,100,0,0,0,0,592179100,592180000
31-Mar-2026,BIKE,SEPEDA BERSAMA INDONESIA Tbk,738500,0,0,0,0,0,0,0,8790700,0,0,0,431300,0,189600,0,0,0,0,258518000,0,0,0,0,0,0,0,0,0,0,0,0,0,1099700,0,0,0,0,1024148604,1293916404
31-Mar-2026,BIMA,PRIMARINDO ASIA INFRASTRUCTURE Tbk,0,0,4300000,0,0,0,0,0,0,0,0,0,100,0,17500,0,0,0,0,16876400,0,0,0,0,0,0,0,0,0,0,0,0,0,19820200,0,0,570000,0,44887880,86472080
31-Mar-2026,BINA,BANK INA PERDANA Tbk,8350,0,200545100,0,8192600,0,13077100,0,3900,0,0,261700,27192,0,0,0,0,0,0,2191875721,0,0,0,0,0,0,0,0,0,0,0,0,685439750,1039758141,38976800,0,1869069985,70,26133089,6073369498
31-Mar-2026,BINO,PERMA PLASINDO Tbk,200,0,0,0,0,0,0,0,1922600,0,0,0,100,0,1949465800,0,0,0,0,174022700,0,0,0,0,0,0,0,0,0,0,0,0,0,100,0,0,0,0,149904611,2275316111
31-Mar-2026,BIPI,ASTRINDO NUSANTARA INFRASTRUKTUR Tbk,302742200,6,3994093767,0,672736600,423738700,127170900,345288,1639897004,745078,0,0,8106796500,36449200,589393367,283470000,0,0,115000,29661417063,0,0,0,0,0,0,0,0,0,0,1000000,0,300101000,3546161487,5567700,0,2640912908,0,11377343149,63710196917
31-Mar-2026,BIPP,BHUWANATALA INDAH PERMAI Tbk,1960780,0,573271000,0,0,79100,0,0,98635100,120500,0,0,100,0,0,0,0,0,10000,3342480295,0,0,0,0,0,0,0,0,0,0,0,0,9410000,1095643,21000300,500,0,500,957605633,5005669451
31-Mar-2026,BIRD,BLUE BIRD Tbk,18768334,3805866,13500,0,0,5322000,4024000,1336200,14853867,109,0,630490,435700,338100,50200,0,0,147200,2000,565024302,0,0,824600,644100,0,0,0,3018,0,0,0,0,110318418,13748639,11065771,181700,23361000,0,737180886,1512080000
31-Mar-2026,BISI,BISI INTERNATIONAL Tbk,150242509,1552200,54438800,0,0,797058000,833900,1749300,53687600,502,55986000,537200,313784,0,500,0,0,0,0,43165500,0,0,0,0,0,125000,69265,0,0,0,0,0,38435104,44991960,701400,348400,20500,453197,130976879,1375687500
31-Mar-2026,BJBR,BANK JABAR BANTEN Tbk,13385794,7175847,884700,0,0,12291502,28064679,0,5688000,40086,0,837841,111300,0,837500,0,0,0,104700,27439559,0,631203000,0,25000,0,0,250000,0,0,0,0,2175500,134047567,61884600,40888309,1680168,331665400,260,1272169043,2572850355
31-Mar-2026,BJTM,BANK PEMBANGUNAN DAERAH JAWA TIMUR Tbk,57552795,8546476,966300,582100,0,0,30641050,2406900,21540090,366068,0,846800,2327541,180000,0,0,0,0,100,72698087,6455500,414504700,0,6158500,0,0,449200,0,0,0,0,3635300,149404290,119629242,78435054,1663800,42451600,6975500,2052933107,3081350100
31-Mar-2026,BKDP,BUKIT DARMO PROPERTY Tbk,0,0,0,0,0,0,0,0,0,800000,0,0,100,12059,0,0,0,0,0,2605270740,0,0,0,0,0,0,0,0,0,0,0,0,22305526,90381,0,0,72579,47,1685440820,4313992252
31-Mar-2026,BKSL,SENTUL CITY Tbk,117695646,0,126331273,0,170000,667687050,150992564,1182308237,448720538,1605,0,1943443000,11731019,10296400,2501072,0,10000,0,600000,27886154336,0,1100,2702400,7106900,0,1500000,0,68900,0,0,283275300,0,2777293700,9512505976,79063800,20100500,236026500,53642500,23648767035,69170697351
31-Mar-2026,BKSW,BANK QNB INDONESIA Tbk,32201331562,0,100,0,7082,17398927,0,200000,11285600,0,0,0,200100,0,14186800,0,0,0,0,73036655,0,0,0,0,0,0,0,100,0,0,0,0,289396400,1074605141,0,0,0,0,1124562686,34806211153
31-Mar-2026,BLES,SUPERIOR PRIMA SUKSES Tbk,200,0,0,0,0,0,0,0,3230500,0,0,0,0,0,0,0,0,0,0,972832600,0,0,0,0,0,0,0,0,0,0,0,0,4267500,0,0,0,0,0,464875600,1445206400
31-Mar-2026,BLOG,TRIMITRA TRANS PERSADA Tbk,200,0,0,0,0,200000,0,0,942500,0,0,0,60000,300,0,0,0,0,0,2956657400,0,0,0,0,0,0,0,0,0,0,0,0,6869700,350000,6362100,0,2576100,0,405468900,3379487200
31-Mar-2026,BLTA,BERLIAN LAJU TANKER Tbk,253011535,0,63933145,11936648,0,1240263059,0,102850746,41212155,6455757,27492887,0,109374142,0,475500,0,0,0,0,6397262751,0,0,0,7768859,0,0,9300000,2757456,0,0,1071748687,0,691193907,163936128,223239410,10700,28973112,2928816,5646679558,16102804958
31-Mar-2026,BLTZ,GRAHA LAYAR PRIMA Tbk,0,0,0,0,0,4043282,0,0,53400,0,0,0,100,0,0,0,0,0,0,421735774,0,0,0,0,0,0,0,0,0,0,445708436,0,0,4100,0,0,0,0,2028450,873573542
31-Mar-2026,BLUE,BERKAH PRIMA PERKASA Tbk,175300,0,0,0,0,0,0,0,660500,0,0,0,100,1134725,722800,0,0,0,0,118841300,0,0,0,0,0,0,0,0,0,0,0,0,0,17830200,0,0,0,0,28635075,168000000
31-Mar-2026,BMAS,BANK MASPION INDONESIA Tbk,534415150,0,15574209068,0,0,0,0,0,10100,0,0,0,100,0,0,0,0,0,0,1973190192,0,0,0,0,0,0,0,0,0,0,0,0,0,12010,0,0,0,0,20825684,18102662304
31-Mar-2026,BMBL,LAVENDER BINA CENDIKIA Tbk,0,0,11820600,0,6500,0,0,0,0,0,0,0,100,0,0,0,0,0,0,258765700,0,0,0,0,0,0,0,0,0,0,0,0,0,30500,0,0,0,0,626957595,897580995
31-Mar-2026,BMHS,BUNDAMEDIK Tbk,2100,0,0,0,0,112534700,0,0,571364676,0,0,0,422600,0,292397700,0,0,0,0,5338260600,0,0,0,0,0,0,0,0,0,0,0,0,47952300,1206200,9867800,0,56572500,2079100,2140755900,8573416176
31-Mar-2026,BMRI,BANK MANDIRI ( PERSERO ) Tbk,897487289,1366729299,63883933,1073432120,4402200,106518095,2175280015,280036107,682275450,2165154,62207474,8758640280,124264309,16027820,23896972,19873500,9200,0,13600,691777054,9666700,764025446,761897595,109017404,337500,250000,2781900,3890900,3972000,0,225042126,64214136,13388057674,428916173,4731464422,364415680,3194357996,138176245,4260596230,44799999998
31-Mar-2026,BMSR,BINTANG MITRA SEMESTARAYA Tbk,0,0,33368800,0,0,10000000,0,3562700,124600,0,0,0,100,0,0,0,0,0,0,919297232,0,0,0,0,0,0,0,0,0,0,0,0,195300,12459900,37150000,0,0,0,142916392,1159075024
31-Mar-2026,BMTR,GLOBAL MEDIACOM Tbk,51036511,0,89070900,1001000,0,195277000,19593900,37744400,543290637,57763,0,0,23379226,187100,0,0,0,0,160085099,7260723130,0,0,0,0,0,0,0,36300,0,0,223184787,0,172099550,759153400,30435700,2864500,1500,5055001,7005031362,16579308766
31-Mar-2026,BNBA,BANK BUMI ARTA Tbk,4313580,0,100,0,0,2149300,0,455032,1062900,0,0,0,2539740,1200000,0,0,0,0,0,1181806881,0,0,0,0,0,0,0,0,0,0,0,0,0,8941356,0,0,9317932,60,204596189,1416383070
31-Mar-2026,BNBR,BAKRIE AND BROTHERS Tbk,387691282,0,9486068831,3854003,5111412,124348761,1500000,650000,62156731485,553758,0,0,21535780,650,155000,1048,0,8,479350,19017833160,0,6545,0,0,0,0,0,4400150,0,0,211280499,50,93067821,18349342623,31626650,611769,1851186939,200385,9016558713,120764796672
31-Mar-2026,BNGA,BANK CIMB NIAGA Tbk,23038572927,1144181,1535223,4950301,113000,6859882,25889295,3409082,6289973,247838,0,212334431,28332876,274800,943000,0,0,0,13106,105433027,54500,0,3050100,0,0,0,0,3208539,0,0,12651000,58000,188105809,57488284,38823038,60471,55833340,75959,1074197736,24869949718
31-Mar-2026,BNII,BANK MAYBANK INDONESIA Tbk,71140177,5432300,1142290,3546073,100,13955921905,6003600,32182455,1764962,252181,0,3838900,244435474,0,565900,0,0,0,5403,1524035,0,0,0,448200,0,0,0,897865,0,0,991,0,30570402,80304022,476105,2698708,41063,855581,626395413,15070444105
31-Mar-2026,BNLI,BANK PERMATA Tbk,32245093638,0,9419,19258,0,1779728,268700,0,1726427299,895379,0,0,6520371,0,27500,0,0,0,0,1505312,0,0,0,0,0,0,0,423083,0,0,200,0,1191794,1744728576,169220,927,9522,113,88670730,35817740769
31-Mar-2026,BOAT,NEWPORT MARINE SERVICES Tbk,508000,0,0,0,0,0,0,0,14168700,0,0,0,0,0,0,0,0,0,0,318930000,0,0,0,0,0,0,0,0,0,0,0,0,0,1110200,0,0,0,0,3166963100,3501680000
31-Mar-2026,BOBA,FORMOSA INGREDIENT FACTORY Tbk,0,0,0,0,0,0,0,0,211400,0,0,0,46900,0,0,0,0,0,0,325285000,0,0,0,0,0,0,0,0,0,0,0,0,0,12400,0,0,0,0,657410300,982966000
31-Mar-2026,BOGA,APOLLO GLOBAL INTERACTIVE Tbk,59900,0,0,0,0,0,1180200,135950000,41798800,37,0,0,100,0,0,0,0,0,0,1993213293,0,0,0,0,0,0,0,0,0,0,98815614,0,623638868,61058063,0,0,746879000,0,100932335,3803526210
31-Mar-2026,BOLA,BALI BINTANG SEJAHTERA Tbk,128039100,0,0,0,0,1018500,0,0,2228600,250000,0,0,100,350000,96600,0,0,0,0,209516700,0,0,0,0,0,0,0,0,0,0,0,0,0,127263140,0,18557300,1240561800,100,4272118060,6000000000
31-Mar-2026,BOLT,GARUDA METALINDO Tbk,4400,0,0,0,773600,0,0,0,0,0,10000000,0,100,0,54000000,0,0,0,0,247539600,0,0,0,0,0,0,0,0,0,0,0,0,9874400,144248000,0,0,0,0,114809900,581250000
31-Mar-2026,BOSS,BORNEO OLAH SARANA SUKSES Tbk,540,0,64700,0,0,0,0,0,0,60,0,0,330100,43100,0,0,0,0,0,458150398,0,0,0,0,0,0,0,0,0,0,0,0,40652300,4194278,0,0,0,0,896564524,1400000000
31-Mar-2026,BPFI,WOORI FINANCE INDONESIA Tbk,2200000,0,27739500,0,0,0,0,0,6700,0,0,0,100,0,0,0,0,20000,0,2449389480,0,0,0,0,0,0,0,0,0,0,0,0,0,175633497,0,0,0,0,19006085,2673995362
31-Mar-2026,BPII,BATAVIA PROSPERINDO INTERNASIONAL Tbk,166000,0,0,0,0,0,0,2100,18600,0,0,0,2000,0,0,0,0,509592140,0,8881734000,0,0,0,0,0,0,0,0,0,0,0,0,0,488140300,0,0,0,0,4498100,9884153240
31-Mar-2026,BPTR,BATAVIA PROSPERINDO TRANS Tbk,0,0,370212200,0,0,0,0,8946800,281000,0,0,0,100,0,0,0,0,25134124,0,2903330273,0,0,0,0,0,0,0,0,0,0,0,0,848000,15880176,0,0,0,0,209367327,3534000000
31-Mar-2026,BRAM,INDO KORDSA Tbk,71300,0,300,0,0,7100,0,158100,2800,0,0,0,200,0,0,0,0,0,0,312386768,0,0,0,0,0,0,0,0,0,0,0,0,0,1575300,0,0,0,0,134711938,448913806
31-Mar-2026,BREN,BARITO RENEWABLES ENERGY Tbk,756009882,44665200,7921295,101718600,119290,1748271170,348785543,537087447,26018400,541,90388600,29521747,713715300,45000,53980,0,0,0,0,32259371911,33700,1128400,115787555,3435200,0,0,45000,0,158200,0,793500,1435100,4656280566,1726182039,179688408,4237011583,38112967,2027100,356260110,47982073334
31-Mar-2026,BRIS,BANK SYARIAH INDONESIA Tbk,17744616491,0,4938500,554532,3000,5434300,34975019,2420000,23575344,92,23901136,291764095,16200,252764,31200,0,10000,0,0,50054337,3300,23520682972,638472,8200500,0,0,0,34332953,430000,0,29200,2151800,1638066776,2611483,974716113,20047952,232232753,153994297,897192057,45667877638
31-Mar-2026,BRMS,BUMI RESOURCES MINERALS Tbk,1251728678,388714049,36050042485,796324100,4493,46594389,8383259752,5010940483,1945521445,218,10814694420,905898318,5476325345,10290000,757300,0,30000,2600000032,0,20550283750,158100,30470582,856983200,127790300,0,2000000,0,10037100,1048800,0,6042600,55837200,4131203223,19501000023,2328410731,50730715,3395443167,22559888,17032915352,141784040238
31-Mar-2026,BRNA,BERLINA Tbk,115000,0,0,0,0,2086403,0,0,8100,0,0,0,100,0,0,0,0,0,0,631622865,0,0,0,0,0,0,0,0,0,0,22383000,0,102414000,2833322,0,0,0,0,209961610,971424400
31-Mar-2026,BRPT,BARITO PACIFIC Tbk,6319118804,137939932,28345971,297766807,0,5789514866,1061486683,902714272,181379001,1026702,7717332,92452227,878342323,1359843,6615028,40,0,0,113294,3653708040,252400,8761263,352281407,29432560,0,500000,70000,188428,493508,0,1946874,0,1603024969,1558035343,769390771,284248592,272994327,9314157,69116930785,93367466549
31-Mar-2026,BRRC,RAJA ROTI CEMERLANG Tbk,629500,0,0,0,0,0,0,0,0,0,0,0,10000,0,0,0,0,0,0,1900058,10000,0,0,0,0,0,0,0,0,0,0,0,0,0,0,0,0,0,992053478,994603036
31-Mar-2026,BSBK,WULANDARI BANGUN LAKSANA Tbk,2646000,0,1029597258,0,1312116139,0,0,0,59886200,0,0,0,7878100,0,1002500,0,0,21383700,0,360286900,0,0,0,0,0,0,0,0,0,0,0,0,0,15000343,0,0,0,150,2282085085,5091882375
31-Mar-2026,BSDE,BUMI SERPONG DAMAI Tbk,69755139,5963000,604500,34653000,3415000,13764500,246136234,660000,11037900,341107,877200,296670264,3117379,485900,3965300,0,0,0,0,4511848933,0,314333110,0,38712800,0,0,75000,0,86600,0,3101,4327432,465812952,71720862,218230728,1054800,898851202,19113300,1408589259,8644206502
31-Mar-2026,BSIM,BANK SINAR MAS Tbk,6956250,0,2495721,0,545590174,706026879,0,0,1391521526,0,0,0,368293730,0,0,0,713256176,0,0,14843969926,0,0,0,0,0,0,0,0,0,0,0,0,16015400,653810025,0,0,21737800,0,111342646,19381016253
31-Mar-2026,BSML,BINTANG SAMUDERA MANDIRI LINES Tbk,16883300,0,0,0,0,276100,0,0,758472800,0,0,0,100,0,0,0,0,0,0,223295000,0,0,0,0,0,0,0,0,0,0,0,0,0,44625700,0,0,11830000,0,794842000,1850225000
31-Mar-2026,BSSR,BARAMULTI SUKSESSARANA Tbk,35066393,1130778,84500,0,0,515425,0,7000,1088000,100,0,0,303100,4914000,0,0,0,0,0,386461900,0,0,383200,5000,0,0,0,0,0,0,171700,0,2989350,189130,3646824,0,0,0,190972926,627929326
31-Mar-2026,BSWD,BANK OF INDIA INDONESIA Tbk,0,152000,0,0,0,0,0,0,0,0,0,0,0,0,0,0,0,0,0,131063491,0,0,0,0,0,0,0,0,0,0,0,0,0,2000,0,0,0,0,149186854,280404345
31-Mar-2026,BTEK,BUMI TEKNOKULTURA UNGGUL Tbk,474400,0,16268785,1784404888,0,451776000,890893000,122853615,4922986,1336,2400,0,21647470,2181030,1533580,2256484,0,0,0,19658096103,0,4557527258,0,0,0,0,0,42,0,0,0,0,6734862093,380572466,18885785,0,3381608,3975303,11345991744,46002508376
31-Mar-2026,BTEL,BAKRIE TELECOM Tbk,1636800300,1252831231,79870416,238259500,0,317699909,18000000,111193700,296636763,935,0,0,67954109,482802,7501000,0,0,6189314118,14486047,16071545046,0,38141077,0,0,0,0,0,16460000,0,0,395306850,0,1517533213,1496019300,98023749,24979489,1280455525,43,5351406687,36520901809
31-Mar-2026,BTON,BETONJAYA MANUNGGAL Tbk,0,0,0,0,0,0,0,0,12023100,0,0,0,100,0,0,0,0,0,0,140000,0,0,0,0,0,0,0,0,0,0,0,0,0,40000,0,0,0,0,98296800,110500000
31-Mar-2026,BTPN,BANK SMBC INDONESIA Tbk,10095280104,0,1177600,0,0,0,0,0,200007300,47,0,0,7600,0,0,0,0,0,100,1133464,0,0,0,0,0,0,0,0,0,0,0,0,223900,200088893,117500,0,0,34400,26125645,10524196553
31-Mar-2026,BTPS,BANK BTPN SYARIAH Tbk,5408129214,2239900,0,3697400,187800,4650000,21508849,20000,74436713,75,183746950,206815300,401139,179800,2936000,0,0,0,6200,15088525,1000,18984200,0,3148300,0,0,525000,0,0,0,3834919,260800,588413930,2890060,94916143,723300,73712000,15700,915193783,7626663000
31-Mar-2026,BUAH,SEGAR KUMALA INDONESIA Tbk,0,0,0,0,0,0,0,0,228000,0,0,0,200,0,0,0,0,0,0,111753000,0,0,0,0,0,0,0,0,0,0,0,0,0,0,0,0,0,0,288018800,400000000
31-Mar-2026,BUDI,BUDI STARCH & SWEETENER Tbk,3495680,0,0,216257166,0,0,0,221349100,121400,0,0,0,203697599,0,0,0,0,0,10000,2928663431,0,0,0,0,0,0,0,0,0,0,0,0,2029200,743976698,0,2082500,0,1500,176997213,4498681487
31-Mar-2026,BUKA,BUKALAPAK.COM Tbk,817825902,58009200,40473000,723126769,1957192099,589071476,1575541080,5192100,283120416,4196,7073000,606186326,19767472,30945200,4618400,100000,0,0,31030900,70855125507,0,0,0,95460294,6150000,0,0,10400,1088300,0,102380738,27906800,3642208771,2086223824,3636099453,256407077,889189200,152561100,14644241579,103144330579
31-Mar-2026,BUKK,BUKAKA TEKNIK UTAMA Tbk,231700,0,0,4920700,36904500,0,0,180000,304000,0,0,0,25100,0,0,2367000,0,0,0,110500,0,0,0,0,0,0,0,116896974,0,0,0,0,0,3002150,12500,279000,555300,0,2441777826,2607567250
31-Mar-2026,BULL,BUANA LINTAS LAUTAN Tbk,162484612,3854200,774358013,0,91223288,468528550,86569900,500000,125271759,8,0,1873200,620300,15085850,54942871,0,0,0,0,6048877536,0,0,0,0,0,1750000,0,0,0,0,0,4670800,531875669,1295225661,37074200,5087700,50761400,220913,5733580163,15494436593
31-Mar-2026,BUMI,BUMI RESOURCES Tbk,2190863106,174467500,181931041329,20331060571,2688014,6526317098,2658885891,5416650200,4377362763,2974635,7810020554,426391324,3180413247,162110000,27917700,67500,40000,330,400629400,30514131126,862600,350200,4711700,129953600,0,7000000,0,14378300,3678700,0,37576800,10579800,10571266665,4991887977,2940548015,29575976,2797477995,103764285,83527313510,371304958411
31-Mar-2026,BUVA,BUKIT ULUWATU VILLA Tbk,41727578,0,411914155,0,721078,22269422,0,1220000,573753330,82,86,0,154800,28682507,34485500,0,0,0,0,19473628464,100000,0,0,0,0,0,0,0,0,0,0,0,187033874,113427165,6141025,0,19431757,85449,3702278370,24617054642
31-Mar-2026,BVIC,BANK VICTORIA INTERNATIONAL  Tbk,7551600,0,7381036600,0,0,1400000,0,0,13897500,2575,0,0,814,0,0,0,0,0,0,7210833102,0,0,0,0,0,0,0,0,0,0,0,0,0,19738491,0,780394335,0,0,3003373811,18418228828
31-Mar-2026,BWPT,"EAGLE HIGH PLANTATIONS, Tbk",180388897,10052400,3808300,0,11664357670,1091456800,43591600,8340700,12220168,41,0,0,32509450,461000,0,0,0,0,0,13372354266,0,656857500,6069500,0,0,0,0,307460400,0,0,0,0,227985200,235853894,54257544,3384300,1600000,187500,3612093870,31525291000
31-Mar-2026,BYAN,BAYAN RESOURCES Tbk,17324330,0,0,0,0,27867315,0,458000,40250,40188,0,0,109419185,2500,0,2666666800,0,1333336400,0,6149099000,0,0,0,0,0,0,0,0,0,0,0,0,0,3270592,0,0,296400,0,22030536540,32338357500
31-Mar-2026,CAKK,CAHAYAPUTRA ASA KERAMIK Tbk,0,0,0,0,0,0,0,0,460400,0,0,0,100,0,0,0,0,0,0,1066636700,400,0,0,0,0,0,0,0,0,0,0,0,21955,90037,155,0,0,0,136090472,1203300219
31-Mar-2026,CAMP,CAMPINA ICE CREAM INDUSTRY Tbk,356717,0,0,0,0,7200000,0,0,4007400,0,0,0,15100,0,0,0,0,0,0,6332600,0,0,0,0,0,0,0,37000,0,0,0,0,3012800,3845183,0,0,0,0,5860183200,5884990000
31-Mar-2026,CANI,CAPITOL NUSANTARA INDONESIA Tbk,0,0,0,0,0,0,0,0,0,0,0,0,100,0,0,0,0,0,0,325041700,0,0,0,0,0,0,0,0,0,0,0,0,0,71609100,0,0,0,0,136750700,533401600
31-Mar-2026,CARE,METRO HEALTHCARE INDONESIA Tbk,15555574,1366200,813100,43500,0,7398772500,32081900,362290200,388840158,39,0,602700,144200,0,0,0,0,0,0,15831224152,0,300,0,0,0,0,0,0,0,0,0,0,1718561200,192179168,5753600,1726600,2106885796,0,1093159113,29150000000
31-Mar-2026,CARS,INDUSTRI DAN PERDAGANGAN BINTRACO DHARMA Tbk,1691200,0,167013100,0,20000,187238900,30524800,497124500,148972500,0,0,0,7945900,75000,673639800,0,0,0,0,4161103088,0,0,0,0,0,0,0,0,0,0,0,0,43817600,391400675,38758000,1120917100,0,4200000,7525557837,15000000000
31-Mar-2026,CASA,CAPITAL FINANCIAL INDONESIA Tbk,1005,0,25286757401,0,0,1552326300,13559122,115550000,4321924700,32,0,0,100,0,0,0,0,0,0,12011548278,0,0,323000,0,0,0,0,0,0,0,3178226000,0,564870800,78388796,79491800,595400,900959769,0,684114800,48788637303
31-Mar-2026,CASH,CASHLEZ WORLDWIDE INDONESIA Tbk,89200,0,0,0,500072,0,0,0,218500,38,0,0,100,0,0,0,0,0,0,1590824,12500,0,0,0,0,0,0,0,0,0,0,0,0,2678932,0,0,0,0,1426035351,1431125517
31-Mar-2026,CASS,CAHAYA AERO SERVICES Tbk,6230400,0,0,0,0,26104000,0,6000,82200,1170300,0,0,477000,1200000,0,0,0,0,0,1728125600,0,0,0,0,0,0,0,0,0,0,0,0,46901900,86228900,156600,706700,216800,0,189343600,2086950000
31-Mar-2026,CBDK,BANGUN KOSAMBI SUKSES Tbk,2307457,0,0,4888000,972600,2842900,741686,0,3355400,27,0,5231800,22790500,123700,142827400,0,0,0,0,185532700,200,0,0,507800,0,0,0,5000,0,0,0,0,18603200,34915530,3217300,0,11209600,187100,376634600,816894500
31-Mar-2026,CBMF,CAHAYA BINTANG MEDAN Tbk,0,0,0,0,0,0,0,0,0,0,0,0,0,0,190000,0,0,0,0,1425500100,0,0,0,0,0,0,0,0,0,0,0,0,0,1009100,0,0,0,0,448300800,1875000000
31-Mar-2026,CBPE,CITRA BUANA PRASIDA Tbk,0,0,0,0,0,0,0,0,20000,0,0,0,100,0,0,0,0,0,0,170467800,0,0,0,0,0,0,0,0,0,0,0,0,0,0,0,0,0,0,100762100,271250000
31-Mar-2026,CBRE,CAKRA BUANA RESOURCES ENERGI Tbk,10316200,0,217700,0,0,0,0,0,10898600,0,0,0,100,0,0,0,0,0,0,3407802513,0,0,0,0,0,0,0,3000,0,0,0,0,0,6430710,100000,0,0,1000,1102297618,4538067441
31-Mar-2026,CBUT,CITRA BORNEO UTAMA Tbk,651100,0,11963280,0,0,0,0,0,344152300,0,0,0,153125100,55000,0,0,0,0,0,1741264220,0,0,0,0,0,0,0,0,0,0,0,0,8176300,0,0,0,0,0,9876400,2269263700
31-Mar-2026,CCSI,COMMUNICATION CABLE SYSTEMS INDONESIA Tbk,20,0,0,0,17900,18888820,0,0,351900,0,0,0,100,60,0,0,0,0,0,834587467,0,0,0,0,0,0,0,0,0,0,0,0,21240,106900,0,0,0,60,220424220,1074398687
31-Mar-2026,CDIA,CHANDRA DAYA INVESTASI Tbk,1355092800,0,3707000,0,3000,26205000,4021988,1236400,70676171,0,0,0,533000,2265900,1331000,0,0,0,121500,15746782058,300000,0,0,0,0,0,0,145000,0,0,0,0,43640000,263685983,7843500,0,1819900,136000,6188034400,23717580600
31-Mar-2026,CEKA,WILMAR CAHAYA INDONESIA Tbk,625900,0,0,0,0,1200000,0,911500,9800,470050,0,0,270800,0,2500,0,0,511817300,29490000,157152,0,0,0,0,0,0,0,0,0,0,0,0,300000,174992,26100,0,21000,0,48671906,594149000
31-Mar-2026,CENT,CENTRATAMA TELEKOMUNIKASI INDONESIA Tbk,621700,0,5863900,0,0,0,0,110000,23290100,0,0,0,8029300,100000,0,0,0,0,0,28787643632,0,0,0,0,0,0,0,0,0,0,0,0,0,1268110936,0,0,0,100800,1089594532,31183464900
31-Mar-2026,CFIN,CLIPAN FINANCE INDONESIA Tbk,2092822059,6691622,0,0,0,2274700,1995000,50876200,2458200,155496,0,0,200113,0,0,0,0,0,62500,8813108,0,0,0,33300,0,0,0,0,0,0,0,0,423045956,264757210,18421582,0,0,22,1110320437,3982927505
31-Mar-2026,CGAS,CITRA NUSANTARA GEMILANG Tbk,1732900,0,0,0,0,700000,0,0,3142600,0,0,0,0,0,0,0,0,0,0,1558000,0,0,0,0,0,0,0,0,0,0,0,0,0,11800,0,0,0,0,524353739,531499039
31-Mar-2026,CHEK,DIASTIKA BIOTEKINDO Tbk,200,0,79073800,0,0,0,0,0,1661100,0,0,0,0,63921100,0,0,0,0,0,331031900,0,0,0,0,0,0,0,0,0,0,0,0,0,0,0,0,0,0,386744900,862433000
31-Mar-2026,CHEM,CHEMSTAR INDONESIA Tbk,67700,0,0,0,0,0,0,0,6074700,0,0,0,100,0,0,0,0,0,0,55081700,0,0,0,0,0,0,0,0,0,0,0,0,0,50,647800,0,0,0,438160744,500032794
31-Mar-2026,CHIP,PELITA TEKNOLOGI GLOBAL Tbk,0,0,0,0,0,0,0,0,104500,0,0,0,100,19376900,0,0,0,0,0,628955400,0,0,0,0,0,0,0,0,0,0,0,0,0,3000,0,0,0,0,157560100,806000000
31-Mar-2026,CINT,CHITOSE INTERNASIONAL Tbk,0,0,0,0,35667250,49000000,0,0,107030450,0,0,0,100,0,0,0,0,0,0,117791200,0,0,0,0,0,0,0,88,0,0,0,0,0,19250000,0,0,5660400,100,151122312,485521900
31-Mar-2026,CITA,CITA MINERAL INVESTINDO Tbk,8898098,215000,4400,0,0,0,0,0,364700,0,0,0,14150,112810,0,0,0,0,0,2129154079,0,0,0,0,0,100000,51100,0,0,0,0,90800,2527901,117548831,566600,254100,50000,0,40303418,2300255987
31-Mar-2026,CITY,NATURA CITY DEVELOPMENTS Tbk,446200,0,5338500,0,0,0,0,0,5699900,0,0,0,100,155252169,120000,0,0,0,0,139355478,0,0,0,0,0,0,0,0,0,0,0,0,50723033,2043275,0,0,165046,83,59940312,419084096
31-Mar-2026,CLAY,CITRA PUTRA REALTY Tbk,6200,0,0,0,0,0,0,0,241500,0,0,0,100,0,0,0,0,0,0,53653667,0,0,0,0,0,0,0,0,0,0,0,0,1823000,3003400,0,0,0,0,461272133,520000000
31-Mar-2026,CLEO,SARIGUNA PRIMATIRTA Tbk,6647161,0,0,0,0,0,11336400,0,38020400,28,0,0,122200,278900,927500000,0,0,0,0,2678073258,0,200,0,0,0,0,0,2330100,0,0,1200000,655000,71418500,2308765,277400,1840100,247000,0,1997744088,5739999500
31-Mar-2026,CLPI,COLORPAK INDONESIA Tbk,354500,0,0,74000,0,0,0,1690300,38900,0,0,0,90100,0,0,0,0,0,0,157224200,0,0,0,0,0,0,0,0,0,0,0,0,560400,50700,0,0,0,50100,124145300,284278500
31-Mar-2026,CMNP,CITRA MARGA NUSAPHALA PERSADA Tbk,1013842,0,131000,0,0,3975788815,1021250,70000,275660,51063,0,265950,224845,0,0,0,0,0,28782,334102106,0,0,0,0,0,0,0,0,0,0,131,0,35294130,11081367,296686,68,0,812,2284799065,6644445572
31-Mar-2026,CMNT,CEMINDO GEMILANG Tbk,6467200,0,0,0,0,296069700,5400900,0,362306000,0,0,0,10100,0,0,0,0,0,0,16223768400,0,0,0,0,0,0,0,0,0,0,0,0,16667900,1329437,354000,674400,0,0,212455963,17125504000
31-Mar-2026,CMPP,AIRASIA INDONESIA Tbk,0,0,0,0,0,0,0,0,38000000,0,0,0,7097200,2719200,5287000,0,0,0,0,10064091300,0,0,0,0,0,0,0,0,0,0,0,0,0,401123100,0,0,0,100000,165568641,10683986441
31-Mar-2026,CMRY,CISARUA MOUNTAIN DAIRY Tbk,39223164,64083700,447784378,12786600,46332800,10768950,13910307,16995700,53444800,814290,29791600,59901678,86800,605471,75270,0,0,0,300,67025903,1385700,0,10499800,645600,0,0,0,0,19448200,0,0,420700,506132823,114578750,142502644,9821300,246170800,3069900,492368672,2410676600
31-Mar-2026,CNKO,EXPLOITASI ENERGI INDONESIA Tbk,4401800,0,2100,0,0,8400500,0,0,181350,1425,0,0,100100,27950,300000,0,0,0,2200000,4318841176,0,1500,0,0,0,0,0,0,0,0,0,0,100060363,40395116,12500000,0,196254,1350147,4467396325,8956356106
31-Mar-2026,CNMA,NUSANTARA SEJAHTERA RAYA Tbk,4666075,0,0,1500000,1188309900,19700000,0,0,890868100,13,139819322,237167800,2500000,0,28500,0,0,0,0,76774549581,0,0,0,0,0,0,9985000,0,0,0,0,0,1203938863,4258027,179552700,0,392629900,56177200,2239349019,83345000000
31-Mar-2026,CNTX,CENTEX Tbk SERI A PREFEREN,1000,0,0,0,0,0,0,0,0,0,0,0,0,0,0,0,0,0,0,38797054,0,0,0,0,0,0,0,0,0,0,0,0,0,1000,0,0,0,0,2723946,41523000
31-Mar-2026,COAL,BLACK DIAMOND RESOURCES Tbk,43955700,0,0,0,0,0,0,0,60988400,0,0,0,1589100,900,843600,0,0,0,100000,148214900,2500,0,0,0,0,0,0,0,0,0,0,0,0,1641900,0,0,0,1200,5742661800,6000000000
31-Mar-2026,COCO,WAHANA INTERFOOD NUSANTARA Tbk,188597944,0,1826864757,0,4500000,100000,0,0,13967555,0,0,0,100,1804200,63,0,0,0,0,235581522,0,0,0,0,0,0,0,0,0,0,0,0,26623900,80575364,0,0,0,100052,1180740467,3559455924
31-Mar-2026,COIN,INDOKRIPTO KOIN SEMESTA Tbk,20162300,0,0,0,202800000,178882000,1471300,34000,9848950400,0,0,0,99000,679600,0,0,0,0,3000,2234169300,0,0,0,0,0,0,0,0,0,0,0,0,12952200,1877500,0,0,0,0,2203801800,14705882400
31-Mar-2026,COWL,COWELL DEVELOPMENT Tbk,0,40800,0,0,0,0,0,0,0,0,0,0,0,0,0,0,0,1094511039,0,3575333804,0,147493,0,0,0,0,0,0,0,0,0,0,125615659,40840,2231,0,10000,0,75512155,4871214021
31-Mar-2026,CPIN,CHAROEN POKPHAND INDONESIA Tbk,761802329,44179607,11129574,610897586,0,2371664300,420792485,46086130,9938077,436,1957600,51552891,7797948,106949,7000,0,0,0,0,69918569,31300,15818918,110053829,19154400,0,0,0,3701400,993100,0,4348987,7812145,546674878,399882796,352253197,6906726,455038360,11441500,237655773,6579598790
31-Mar-2026,CPRI,CAPRI NUSA SATU PROPERTI Tbk,6331911,0,0,0,0,0,0,11748200,0,890000,0,0,100,85000,0,0,0,0,0,0,0,10808557,0,0,0,0,0,51300,0,0,0,0,53925108,124293700,2163624,0,0,5100,473077358,683379958
31-Mar-2026,CPRO,CENTRAL PROTEINAPRIMA Tbk,3153773700,0,48272390,0,0,4452797716,0,970000,163283800,30063,0,0,2858628513,4036900,3873000,0,0,0,1290800,27228411990,0,1500,0,0,0,0,0,135000,0,0,17397100,0,225331700,5468915250,250000,0,48171500,27002,15821667426,59497265350
31-Mar-2026,CRAB,TOBA SURIMI INDUSTRIES Tbk,0,0,0,0,0,0,0,0,2601400,0,0,0,100,0,0,0,0,0,114920000,124751700,0,0,0,0,0,0,0,0,0,0,0,0,0,0,0,0,0,0,147726800,390000000
31-Mar-2026,CRSN,CARSURIN Tbk,0,0,0,0,0,0,0,0,148700100,0,0,0,0,0,144100000,0,0,0,0,159231200,0,0,0,0,0,0,0,0,0,0,0,0,0,1000,0,0,0,0,147967700,600000000
31-Mar-2026,CSAP,CATUR SENTOSA ADIPRANA Tbk,120,125100,0,568336263,0,48936200,0,3193238,122700,10,749033925,0,26177,600,0,0,0,0,0,18914300,0,0,0,0,0,0,0,0,0,0,0,0,3592300,9241901,0,0,0,0,132216349,1533739183
31-Mar-2026,CSIS,CAHAYASAKTI INVESTINDO SUKSES Tbk,52500,0,350232000,0,0,0,0,0,18291400,0,0,0,100,0,0,0,0,0,200,1193364559,0,3800,0,0,0,0,0,0,0,0,0,0,0,34920,0,0,0,0,267820521,1829800000
31-Mar-2026,CSMI,CIPTA SELERA MURNI Tbk,5400,0,0,0,0,0,0,0,0,0,0,0,0,0,0,0,0,0,0,27753100,0,0,0,0,0,0,0,0,0,0,0,0,120401900,0,0,0,0,0,209701100,357861500
31-Mar-2026,CSRA,CISADANE SAWIT RAYA Tbk,357400,0,137457972,0,0,0,0,0,3886900,0,0,0,100,0,2721600,0,0,0,0,1741147600,0,0,0,0,0,0,0,0,0,0,0,253100,2585425,347605,2774532,91794,171944,363800,157840228,2050000000
31-Mar-2026,CTBN,CITRA TUBINDO Tbk,14290300,0,0,0,0,0,0,0,6200,0,0,0,200,0,654029420,0,0,0,0,130154810,0,0,0,0,0,0,0,0,0,0,0,0,0,0,0,0,0,0,713760,799194690
31-Mar-2026,CTRA,CIPUTRA DEVELOPMENT Tbk,116939605,36440863,122596,99157980,10175100,35811084,423843581,176325423,9855963,1121,3165900,415944948,1867306,44400,160078,0,0,0,26000,4519057332,0,450000,3661300,46115511,0,0,0,640,163200,0,2823400,9707625,2644264252,50185168,501775029,24284015,1022650210,28404246,2176496509,12359920385
31-Mar-2026,CTTH,CITATAH  Tbk,2849225,52725864,64800681,0,0,0,0,0,0,17000,0,0,100,0,0,0,0,0,0,78737430,0,0,0,0,0,0,0,0,0,0,0,0,0,116529469,0,0,0,0,527046945,842706714
31-Mar-2026,CUAN,PETRINDO JAYA KREASI Tbk,2380323221,101117734,571323,274937872,0,4500977900,759264613,57561957,584423280,98720981,6376773,77304145,213083450,161600,422100,0,0,0,20000,3307392290,86000,3204000,467343300,3999300,0,0,0,48000,404200,0,961500,0,1017307926,566822811,565289556,32650378,45609930,957300,8454851560,23522195000
31-Mar-2026,CYBR,ITSEC ASIA Tbk,347688828,0,1711342957,563772970,59000,184884180,7140471,0,401846850,140309,0,0,10462000,565000,20210600,0,0,0,0,2655403129,0,0,0,0,0,0,0,0,0,0,0,0,11000000,266600660,0,0,390900,17300,533723593,6715248747
31-Mar-2026,DAAZ,DAAZ BARA LESTARI Tbk,2434900,0,156970000,0,0,3453100,0,50000,276000,0,0,0,0,627600,0,0,0,0,0,62266600,0,0,0,0,0,0,0,0,0,0,0,0,100000,973400,0,0,0,0,72848400,300000000
31-Mar-2026,DADA,DIAMOND CITRA PROPERTINDO Tbk,954500,0,0,0,0,0,0,0,3650200,0,0,0,100,2500,1140000,0,0,0,208200,1607729100,0,0,0,0,0,0,0,0,0,0,0,0,0,89000001,0,0,0,28505,5693817694,7396530800
31-Mar-2026,DART,DUTA ANGGADA REALTY Tbk,46601400,20,10000,0,0,46816980,0,0,923676,20,0,0,100,0,0,0,0,0,0,1395583208,0,0,0,0,0,0,0,180,0,0,0,0,0,494316,1096000,20040,960,4682500,1596761510,3092990910
31-Mar-2026,DATA,REMALA ABADI Tbk,733200,0,0,0,0,245600,0,0,248800,0,0,0,0,310700,5000,0,0,0,0,551243200,0,0,0,0,0,0,0,0,0,0,0,0,0,8800,0,0,0,0,347619600,900414900
31-Mar-2026,DAYA,DUTA INTIDAYA Tbk,0,0,0,0,0,104543100,0,0,7400,0,0,0,100,0,447007259,0,0,0,0,2117800,0,0,0,0,0,0,0,0,0,0,0,0,0,70153200,0,1788029003,0,0,8689163,2420547025
31-Mar-2026,DCII,DCI INDONESIA Tbk,0,0,210000000,0,74531600,5500,500,0,80257800,0,0,0,1900,0,0,0,0,0,0,66922450,0,0,0,0,0,0,0,0,0,0,0,0,1600,700,0,0,146450,0,275333161,707201661
31-Mar-2026,DEAL,DEWATA FREIGHTINTERNATIONAL Tbk,0,0,0,0,0,0,0,0,100,0,0,0,100,0,0,0,0,0,0,89105500,0,0,0,0,0,0,0,0,0,0,0,0,0,4355740,6250000,0,0,12200,999359578,1099083218
31-Mar-2026,DEFI,DANASUPRA ERAPACIFIC Tbk,0,6597938,0,0,0,0,0,99417000,0,0,0,0,0,0,0,0,0,0,0,198379563,0,0,0,0,0,0,0,0,0,0,0,125000,0,7161401,0,66,166834540,0,54764392,533279900
31-Mar-2026,DEPO,CATURKARDA DEPO BANGUNAN Tbk,2500,0,0,156823600,0,0,0,3327100,264400,0,0,0,100,0,0,0,0,0,0,1620819000,0,0,0,0,0,0,0,0,0,0,0,0,0,57440600,28400,0,0,0,172228500,2010934200
31-Mar-2026,DEWA,DARMA HENWA Tbk,395548101,8,3908705844,19157300,15000,139246900,137655600,2601005200,637529100,620068,0,580900,67937020,3437700,3183800566,1000000,0,0,1791000,9172132699,0,2200,891000,0,0,2250000,0,11502500,0,0,7498400,0,1308645945,3996424951,247240008,6798500,127312900,29699809,14679005025,40687434244
31-Mar-2026,DEWI,DEWI SHRI FARMINDO Tbk,11994600,0,0,0,0,0,0,0,21875400,0,0,0,100,0,0,0,0,0,0,1162400,0,0,0,0,0,0,0,0,0,0,0,0,0,36735100,0,0,3800000,0,1131432400,1207000000
31-Mar-2026,DFAM,DAFAM PROPERTY INDONESIA Tbk,2733100,0,27500,0,0,0,0,0,14262670,0,0,0,100,700000,0,0,0,0,0,1018007400,0,0,0,0,0,0,0,0,0,0,0,0,240084900,50,0,0,0,0,624037130,1899852850
31-Mar-2026,DGIK,NUSA KONSTRUKSI ENJINIRING Tbk,1360500,0,560509100,3000000,198834400,2772000,0,0,9046100,0,0,0,200100,0,7225000,0,0,0,0,3535282400,0,100,0,0,0,0,0,0,0,0,0,0,0,536959300,0,0,0,0,530976000,5386165000
31-Mar-2026,DGNS,DIAGNOS LABORATORIUM UTAMA Tbk,1062200,0,0,0,0,3727900,0,0,2858400,0,0,0,10100,124400,0,0,0,0,0,112077300,0,0,0,0,0,0,0,397600,0,0,0,0,0,131600,0,0,0,0,233238500,353628000
31-Mar-2026,DGWG,DELTA GIRI WACANA Tbk,7275400,0,17259100,0,0,0,0,0,24181300,0,0,0,0,5895300,0,0,0,0,0,585128600,0,0,0,0,0,0,0,0,0,0,0,0,0,737021200,0,0,0,0,2020298000,3397058900
31-Mar-2026,DIGI,ARKADIA DIGITAL MEDIA Tbk,0,0,0,0,800000,0,0,0,584817300,0,0,0,100,0,0,0,0,0,0,3454200,0,0,0,0,0,0,0,0,0,0,0,0,0,185000,0,0,0,8700,1035734700,1625000000
31-Mar-2026,DILD,INTILAND DEVELOPMENT Tbk,15216211,12374900,13500,0,0,198347800,15438700,0,826695346,100051,0,2115400,1557730178,0,6100000,400000,0,0,0,1360895130,0,0,0,360000,0,0,0,3262680,0,0,13210100,0,191674619,2062285613,18085381,1887400,28082800,300,3911149384,10225425493
31-Mar-2026,DIVA,DISTRIBUSI VOUCHER NUSANTARA Tbk,929700,0,11250700,0,0,0,0,1249200,2599200,0,0,0,100,0,0,0,0,0,0,609158100,0,0,0,0,0,0,0,0,0,0,0,0,0,187200,0,0,487344500,0,315852700,1428571400
31-Mar-2026,DKFT,CENTRAL OMEGA RESOURCES Tbk,17098700,3696100,0,0,0,146599500,26019500,0,14518300,32,0,0,200100,3140200,100,0,0,0,0,3618866003,0,400,0,0,0,0,0,0,0,0,0,0,51637739,14121576,11942483,0,24362900,0,1693042967,5625246600
31-Mar-2026,DKHH,CIPTA SARANA MEDIKA Tbk,1016800,0,500,0,0,0,0,0,826800,0,0,0,0,500,0,0,0,0,0,560000,0,0,0,0,0,0,0,0,0,0,0,0,0,0,0,0,0,50,527748251,530152901
31-Mar-2026,DLTA,DELTA DJAKARTA Tbk,264100,0,12150,130800,0,0,0,2783900,4950,600000,0,0,350100,0,1000,0,0,0,0,3374600,0,0,0,0,0,0,0,0,0,0,0,0,46764950,3334600,74800,0,0,82000,62668200,120446150
31-Mar-2026,DMAS,PURADELTA LESTARI Tbk,43863128,878600,1180500,0,9500,5400000,22494800,12644800,21568800,150,0,2493800,3552200,0,11800000,0,0,0,487700,245192345,0,853927400,0,28217100,0,0,0,122500,0,0,0,0,411585200,34782761,44293316,3906600,347969600,22323900,6421116400,8539811100
31-Mar-2026,DMMX,DIGITAL MEDIATAMA MAXIMA Tbk,107895,0,261073900,0,0,1111968200,475000,0,1275400,68,0,0,150,0,0,0,0,0,50000,4975982832,0,0,0,0,0,0,0,0,0,0,0,0,0,10481787,104500,0,0,0,1330787968,7692307700
31-Mar-2026,DMND,DIAMOND FOOD INDONESIA Tbk,3000,0,0,0,0,0,0,0,83500,0,657482849,0,40100,0,0,0,0,0,0,1951810964,0,0,0,0,0,0,0,0,0,0,0,0,0,30000,0,0,0,0,40757400,2650207813
31-Mar-2026,DNAR,BANK OKE INDONESIA Tbk,353611,0,100,0,0,6731871,0,0,630664123,0,0,0,300100,0,0,0,0,0,0,1716500,0,0,0,0,0,0,0,0,0,0,0,0,0,1768533,0,4923693929,0,77,800683027,6365911871
31-Mar-2026,DNET,INDORITEL MAKMUR INTERNASIONAL Tbk,13200,0,189836500,0,0,0,0,0,0,0,0,0,600,53100,0,0,0,0,0,9925664769,0,0,0,0,0,0,0,0,0,0,0,0,10957700,51118908,1147200,0,401188700,0,3601869323,14181850000
31-Mar-2026,DOID,BUMA INTERNASIONAL GRUP Tbk,600474815,688900,2924535000,0,0,348914615,26718700,30000,5087897,187,29012147,1026000,433084100,455300,0,0,0,0,0,372512990,0,0,0,0,0,0,189400,0,0,0,0,0,149792557,305643091,75392274,3356000,18671100,89200,2354332859,7650007132
31-Mar-2026,DOOH,ERA MEDIA SEJAHTERA Tbk,23854900,0,1464800,0,0,0,0,1600000,20906700,0,0,0,0,300000,17700,0,0,0,0,6248819000,0,0,0,0,0,0,0,0,0,0,0,0,1000000,5663320,0,0,0,150000,1411114616,7714891036
31-Mar-2026,DOSS,GLOBAL SUKSES DIGITAL Tbk,0,0,0,0,0,83343500,0,0,9369200,0,0,0,0,0,0,0,0,0,0,23786800,0,0,0,0,0,0,0,0,0,0,0,0,3381100,11725000,0,0,0,0,506819400,638425000
31-Mar-2026,DPNS,DUTA PERTIWI NUSANTARA,9077,16,338,0,0,38045822,0,0,0,1670,0,0,100,0,0,0,0,0,0,122282743,0,0,0,0,0,0,0,0,0,0,0,0,0,1302526,0,444,80,84,100200272,261843172
31-Mar-2026,DPUM,DUA PUTRA UTAMA MAKMUR Tbk,2805100,0,0,0,0,0,189570000,12537600,12787000,0,0,0,0,0,0,0,0,0,0,3004538400,0,53338780,0,320273400,0,0,0,0,0,0,0,0,316802,126688100,0,0,0,0,452144818,4175000000
31-Mar-2026,DRMA,DHARMA POLIMETAL Tbk,31988481,1130400,10000000,3500000,10300,10659500,1718200,2052200,120400,28,0,0,38785900,0,0,0,0,0,0,2965010900,0,0,0,0,0,0,0,0,0,0,0,0,360245900,985823,111431268,0,3449700,0,1044793300,4585882300
31-Mar-2026,DSFI,DHARMA SAMUDERA FISHING INDUSTRIES Tbk,16257800,0,0,0,0,0,0,0,1300118050,0,0,0,100,0,0,0,0,0,0,66587500,0,0,0,0,0,0,0,545000,0,0,0,0,0,26132115,34130800,0,0,300,413363835,1857135500
31-Mar-2026,DSNG,DHARMA SATYA NUSANTARA Tbk,46892706,14794688,1043500,21329100,0,45405500,102980964,121920000,9841775,77,5046000,37984111,104253,6650000,238301919,0,0,0,0,4993767231,0,0,4839400,6081000,0,0,0,0,0,0,12178763,0,284161650,503284956,107493407,1184900,69824900,0,1443574100,8078684900
31-Mar-2026,DSSA,DIAN SWASTATIKA SENTOSA Tbk,12437129,3785500,72469263,12785717,0,335493200,38268912,2605099,429987387,4409164,296100,3416424,13302044,1300,74155900,0,0,0,0,1612604205,4100,140900,20853753,196300,0,0,0,1000,16000,0,85000,0,60964407,353361464,27981648,780368,3573016,20200,6004500,3090000000
31-Mar-2026,DUCK,JAYA BERSAMA INDO Tbk,27165800,2567400,53,0,0,3855000,0,700000,31900,5185797,0,0,25755700,4889900,3330000,0,0,0,0,101933754,0,0,0,4400,0,0,0,0,0,0,62620000,0,184647622,15987653,521597,0,60411600,84500,783637324,1283330000
31-Mar-2026,DUTI,DUTA PERTIWI Tbk,383250,33,0,0,0,766400,0,387800,2050,0,0,0,510,0,2100,0,0,0,0,260878267,0,0,0,0,0,0,0,0,0,0,0,0,2376800,29958,0,0,0,0,5986275,270813443
31-Mar-2026,DVLA,DARYA - VARIA LABORATORIA Tbk,270680,0,0,0,0,10038000,0,4900,14900,169500,0,0,100,288000,0,0,0,0,0,1074986212,0,0,0,0,0,0,0,0,0,0,0,0,0,4432565,0,400000,0,0,28070935,1118675792
31-Mar-2026,DWGL,DWI GUNA LAKSANA Tbk,24800,0,0,0,0,0,0,0,2123000,0,0,0,2795100,0,0,0,0,0,0,3059841671,0,0,0,0,0,0,0,0,0,0,0,0,221886400,43,0,0,785673866,0,132603967,4204948847
31-Mar-2026,DYAN,DYANDRA MEDIA INTERNATIONAL Tbk,19874800,0,0,0,0,0,0,100000,14219500,100,0,0,200100,0,0,0,0,0,0,2296061469,0,0,0,0,0,0,0,7480800,0,0,0,0,52225400,298372800,0,0,15404900,0,1227767071,3931706940
31-Mar-2026,EAST,EASTPARC HOTEL Tbk,0,0,0,0,0,0,0,0,1251800,0,0,0,1266500,11500,0,0,0,0,0,30500,53500,0,0,0,0,0,0,0,0,0,0,0,0,47296300,10511800,0,0,0,2211397026,2271818926
31-Mar-2026,ECII,ELECTRONIC CITY INDONESIA Tbk,11611000,0,0,189900,0,0,0,7000,695500,0,0,0,100,0,0,0,0,0,0,173181995,0,0,0,0,0,0,0,0,0,0,0,0,20799000,400764605,0,0,5347500,0,71119400,683716000
31-Mar-2026,EDGE,INDOINTERNET Tbk,200,0,0,0,0,0,0,0,28200,0,0,0,500,0,0,0,0,0,0,1860701300,0,0,0,0,0,0,0,0,0,0,0,0,0,151536900,0,0,0,0,7982900,2020250000
31-Mar-2026,EKAD,EKADHARMA INTERNATIONAL Tbk,4433205,0,0,0,0,0,0,8615000,237700,0,0,0,241000,0,0,0,0,0,399900,2874313800,1500,0,0,0,0,0,0,0,0,0,0,0,202000,120630495,0,0,0,275,452808850,3461883725
31-Mar-2026,ELIT,DATA SINERGITAMA JAYA Tbk,9464100,0,2870000,0,0,0,0,0,20612500,0,0,0,100,0,0,0,0,0,0,451587820,0,0,0,0,0,0,0,0,0,0,0,0,275000,36437101,0,0,0,0,520392544,1041639165
31-Mar-2026,ELPI,PELAYARAN NASIONAL EKALYA PURNAMASARI Tbk,183700,0,0,0,0,181600600,0,0,63100,0,0,1000100,100,0,35000000,0,0,0,0,678633500,0,0,0,0,0,0,0,0,0,0,0,0,3312000,7000,6233900,0,0,0,205966000,1112000000
31-Mar-2026,ELSA,ELNUSA Tbk,93166115,79106973,1747305,27275105,0,15186327,198430154,9974000,42735223,41,0,163900,1670200,1481100,100000,0,0,0,20000,51050290,6396400,3729781100,0,23669700,0,1000000,0,1820200,0,0,26478500,0,702994688,110068447,116506453,5364200,129116100,400,1917474579,7292777500
31-Mar-2026,ELTY,BAKRIELAND DEVELOPMENT Tbk,109000443,0,1095188896,2950000,100000000,1597116953,411816900,12605000,75574000,1836064,0,0,261341960,9274686,202000,5000000,0,0,137500,6641219526,300000,300000,0,2350500,0,0,0,1010000,0,0,2600000,47500,3910807175,323807089,154318286,0,2346610877,5530384,25651651280,42722597019
31-Mar-2026,EMAS,MERDEKA GOLD RESOURCES Tbk,204047775,0,2006100,0,2920400,36075100,184037888,264700,723146725,12771122,12427100,18549700,1738200,382400,2654200,0,0,0,15536800,11055893227,0,0,74500,575300,0,35000,0,0,0,0,0,200,534366300,75590578,11910300,0,122449100,1000,1640889780,14658343495
31-Mar-2026,EMDE,MEGAPOLITAN DEVELOPMENTS Tbk,231147000,0,0,0,0,0,0,0,3815900,0,0,0,200100,0,0,0,0,0,0,31418700,0,0,0,0,0,0,0,3604000,0,0,0,0,51130800,790300,0,0,0,0,790874880,1112981680
31-Mar-2026,EMTK,ELANG MAHKOTA TEKNOLOGI Tbk,1638163075,39512900,1261900,97901500,11700,404691896,474083498,1923900,34462000,42373,3032700,233058156,3119800,4370042,0,0,0,0,462500,17065582047,0,1210000,2561000,22421400,0,0,0,199700,4315800,0,0,3426600,1960097675,621107782,351409337,2252500,759940238,8623100,37687206364,61426451483
31-Mar-2026,ENAK,CHAMP RESTO INDONESIA Tbk,1400,5215545,0,0,1893600,87931400,0,0,237000,0,0,0,100,0,0,0,0,0,0,1654481600,0,0,383200,0,0,0,590300,0,0,0,0,0,25735455,1291100,1452900,0,0,0,387453200,2166666800
31-Mar-2026,ENRG,ENERGI MEGA PERSADA Tbk,100600290,19101500,27646614,106790625,31250,49258325,523891555,822080050,211667310,31417,3664600,62849128,25882572,18542350,4964500,0,0,52,0,13106744383,0,62500,2332000,1363500,0,1500000,0,50158,166700,0,4615946,0,315463340,8416895606,102216928,7287300,211309801,1004465,2197622962,26345637727
31-Mar-2026,ENVY,ENVY TECHNOLOGIES INDONESIA Tbk,23130400,4006300,0,937222,123500,75000,0,405900,0,78,0,0,4594800,108157000,132400,0,0,1350000,0,9596858,0,0,0,0,0,0,0,0,0,0,0,0,0,41429400,483000,0,13783500,700,1461441842,1669647900
31-Mar-2026,ENZO,MORENZO ABADI PERKASA Tbk,1262400,0,0,0,7500,0,0,0,6785100,0,0,0,100,0,0,0,0,0,0,450059900,0,0,0,0,0,0,0,0,0,0,0,0,0,100000,0,0,0,0,658932122,1117147122
31-Mar-2026,EPAC,MEGALESTARI EPACK SENTOSARAYA Tbk,0,0,0,0,0,460000,0,0,0,0,0,0,100,0,0,0,0,0,0,889855100,0,0,0,0,0,0,0,0,0,0,0,0,0,521500,0,0,0,0,2412563300,3303400000
31-Mar-2026,EPMT,ENSEVAL PUTERA MEGATRADING Tbk,835100,0,5000,0,0,0,0,393400,17600,40,0,0,200100,0,0,0,0,0,0,2586097295,0,0,0,0,0,0,0,0,0,0,61422094,0,843400,3360010,0,0,0,0,52925805,2706099844
31-Mar-2026,ERAA,ERAJAYA SWASEMBADA Tbk,304246278,49485127,1500000,412049700,0,544028000,235456489,2314600,40964825,38735,5836700,369760810,2321900,6101700,2414900,0,0,0,1100,3134969848,0,5500,0,18637400,0,0,0,1463200,0,0,28846200,0,1146749301,50770880,50377100,2926000,1286695397,12633000,2044425110,9755019800
31-Mar-2026,ERAL,SINAR EKA SELARAS Tbk,11358800,0,0,0,0,0,0,4913000,21678800,0,0,0,0,7226100,10737600,0,0,0,0,33495600,0,0,0,0,0,0,0,0,0,0,0,815800,110882300,205500,0,0,11900,10800,836173800,1037510000
31-Mar-2026,ERTX,ERATEX DJAJA Tbk,61600,0,0,0,0,0,0,0,2384100,1000,0,0,100,0,0,0,0,0,0,1186785992,0,0,0,0,0,0,0,0,0,0,0,0,0,3760,0,0,0,0,93340040,1282576592
31-Mar-2026,ESIP,SINERGI INTI PLASTINDO Tbk,1065000,0,0,0,0,0,0,0,54,0,0,0,100100,0,0,0,0,0,0,3100000,0,0,0,0,0,0,0,0,0,0,0,0,0,544647,0,0,0,20,750744026,755553847
31-Mar-2026,ESSA,ESSA INDUSTRIES INDONESIA Tbk,183412204,4812600,409402200,57569781,8000,1412160646,251184715,0,203675600,5,1031200,221872179,919800,42657200,34314410,1250000,40000,0,20000,2758098952,0,0,0,41116200,0,2000000,0,121900,133200,0,0,6581900,1006230864,511574995,241344552,5597700,604103100,28393100,9197348697,17226975700
31-Mar-2026,ESTA,ESTA MULTI USAHA Tbk,800,0,0,0,0,489150659,0,0,5182800,0,0,0,100,0,0,0,0,0,0,1518970799,0,0,0,0,0,0,0,0,0,0,0,0,0,102,0,188762050,0,0,223286869,2425354179
31-Mar-2026,ESTI,EVER SHINE TEXTILE INDUSTRY,1910777,0,0,0,0,0,0,0,36900,70,0,0,100,0,0,0,0,0,0,945889218,0,0,0,0,0,0,0,0,0,0,0,0,0,664165,0,140,2500,0,168534725,1117038595
31-Mar-2026,ETWA,ETERINDO WAHANATAMA Tbk,46000,0,3903098400,0,0,90374000,0,34840200,2000,0,0,0,100,0,0,0,0,0,0,115100800,0,0,0,0,0,0,0,0,0,0,0,0,563000,14103700,32900,0,500,0,271527300,4429688900
31-Mar-2026,EURO,ESTEE GOLD FEET Tbk,659800,0,30815500,0,0,0,0,0,114602700,0,0,0,100,0,29129730,0,0,0,1500,1915756590,0,0,0,0,0,0,0,0,0,0,0,0,0,125000070,0,0,0,0,332860438,2548826428
31-Mar-2026,EXCL,XLSMART TELECOM SEJAHTERA Tbk,77552970,3491120,90624163,37427060,9273,531735158,157791725,1771298,825412889,131862408,1626911,140767655,6780845631,1474696,286163080,69000,0,1,0,3491963438,11,3,963215,7457600,0,150000,0,827,88600,0,233800,3859332,551603845,1007417149,143399037,1910908,204945608,3338446,501214741,14987171598
31-Mar-2026,FAPA,FAP AGRI Tbk,47900,0,0,0,0,0,0,0,2800,0,0,0,100,0,0,0,0,0,0,3629031700,0,0,0,0,0,0,0,0,0,0,0,0,0,300,0,0,0,0,329000,3629411800
31-Mar-2026,FAST,FAST FOOD INDONESIA Tbk,30931918,0,2000000,600000,100,18480000,0,305000,10809500,1848667,0,0,75100,0,0,0,0,0,0,1842210767,0,0,0,0,0,0,0,6384440,0,0,0,0,135359000,20625783,0,0,296034796,0,282411782,2648076853
31-Mar-2026,FASW,FAJAR SURYA WISESA Tbk,1393700,0,0,0,0,0,0,0,2601602,306,0,0,100,0,0,0,0,0,0,3214128733,0,0,0,0,0,0,0,0,0,0,0,0,0,290058,0,167,4000,100,1153929,3219572695
31-Mar-2026,FILM,MD ENTERTAINMENT Tbk,3757296,0,0,22089300,0,61925000,68643719,41375100,19079911,260702,790900,11666771,3000,424184,121990,0,0,0,0,2251156426,0,0,0,0,0,0,0,52,71000,0,82986171,573000,20345604,1638643980,29329501,218790,9325120,52146,775328640,5038168303
31-Mar-2026,FIMP,FIMPERKASA UTAMA Tbk,0,0,0,0,0,0,0,0,40300000,0,0,0,100,0,0,0,0,0,0,60618400,0,0,0,0,0,0,0,0,0,0,0,0,0,0,0,0,0,0,299082475,400000975
31-Mar-2026,FIRE,ALFA ENERGI INVESTAMA Tbk,2240200,50,0,0,0,0,17400000,0,6913200,0,0,0,100,0,862400,0,0,0,0,8267000,0,348128850,0,0,0,0,0,0,0,0,0,0,105544021,4734314,25,0,0,87,981247932,1475338179
31-Mar-2026,FISH,FKS MULTI AGRO Tbk,0,0,0,0,0,6807500,0,0,111800,0,0,0,1000,0,0,0,0,0,0,4294288000,0,0,0,0,0,0,0,0,0,0,0,0,0,563900,0,0,0,0,498227800,4800000000
31-Mar-2026,FITT,HOTEL FITRA INTERNATIONAL Tbk,230000,0,122400,0,0,0,0,0,1642100,0,0,0,100,0,0,0,0,1032397500,0,167540000,0,0,0,0,0,0,0,0,0,0,0,0,0,8438000,0,0,0,0,93901951,1304272051
31-Mar-2026,FLMC,FALMACO NONWOVEN INDUSTRI Tbk,300,0,0,0,0,0,0,0,0,0,0,0,0,2310000,0,0,0,0,0,137588798,0,0,0,0,0,0,0,0,0,0,0,0,0,0,0,0,0,0,641350902,781250000
31-Mar-2026,FMII,FORTUNE MATE INDONESIA Tbk,50,0,0,0,0,0,0,0,83500,0,0,0,234,0,0,0,0,0,0,3038224367,0,0,0,0,0,0,0,0,0,0,0,0,0,138756649,0,0,0,72,3222935128,6400000000
31-Mar-2026,FOLK,MULTI GARAM UTAMA Tbk,2126700,0,903330281,0,0,900000,0,0,1970000,0,0,0,0,0,0,0,0,0,0,2037365294,0,0,0,0,0,0,0,0,0,0,0,0,0,40097450,0,0,0,0,1105567819,4091357544
31-Mar-2026,FOOD,SENTRA FOOD INDONESIA Tbk,0,0,0,0,0,0,0,0,0,0,0,0,100,161600,0,0,0,0,0,1030900,0,0,0,0,0,0,0,0,0,0,0,0,0,32500,0,0,0,0,148774900,150000000
31-Mar-2026,FORE,FORE KOPI INDONESIA Tbk,39200,0,0,0,0,0,0,103681300,3617000,0,0,0,265957000,435000,0,0,0,0,0,431724700,0,0,0,0,0,0,0,0,0,0,0,0,274850300,265967200,0,0,0,0,533728300,1880000000
31-Mar-2026,FORU,FORTUNE INDONESIA Tbk,300,0,357342600,0,317200,0,0,30000,251200,0,0,0,100,246500,814000,0,0,0,0,53772000,0,0,0,0,0,0,0,0,0,0,0,0,0,38800,0,0,0,0,52411300,465224000
31-Mar-2026,FPNI,LOTTE CHEMICAL TITAN Tbk,9268100,0,0,0,0,0,0,0,23781400,13392,0,0,100100,0,10100,0,0,0,75600,117372755,0,0,0,0,0,0,0,0,0,0,0,0,54,3741273,0,750000,0,0,379020531,534133305
31-Mar-2026,FUJI,FUJI FINANCE INDONESIA Tbk,125600,0,0,0,0,715000000,0,0,5500,0,0,0,100,37100,0,0,0,0,0,99885800,0,0,0,0,0,0,0,0,0,0,0,0,0,57964300,0,0,0,0,426981600,1300000000
31-Mar-2026,FUTR,FUTURA ENERGI GLOBAL Tbk,48895300,0,0,0,0,5750000,0,5000000,44246600,0,0,0,100,600000,9700,0,0,0,0,3060308640,0,0,0,0,0,0,0,0,0,0,0,0,493000,14780360,0,0,0,20,3455468239,6635551959
31-Mar-2026,FWCT,WIJAYA CAHAYA TIMBER Tbk,9634200,0,0,0,0,0,0,0,1835300,0,0,0,100,0,0,0,0,0,0,1619793900,0,0,0,0,0,0,0,0,0,0,0,0,0,16548900,0,0,0,0,315187600,1963000000
31-Mar-2026,GAMA,AKSARA GLOBAL DEVELOPMENT Tbk,1700,14200000,0,0,0,0,0,0,2403000000,0,0,0,100,0,0,0,0,0,0,5130356500,0,0,0,0,0,0,0,0,0,0,0,0,1860957900,294861100,0,0,0,0,307650356,10011027656
31-Mar-2026,GDST,GUNAWAN DIANJAYA STEEL Tbk,277337206,0,0,0,0,0,0,0,462129800,445,0,0,100,0,0,0,0,0,139000,165410,0,0,0,0,0,0,0,1600000,0,0,0,0,0,430491,695000,0,0,85,276437448,1018934985
31-Mar-2026,GDYR,GOODYEAR INDONESIA Tbk,11528400,0,0,0,0,0,0,0,1271900,0,0,0,100,0,0,0,0,0,0,23080400,0,0,0,0,0,0,0,0,0,0,0,0,0,578760,0,0,170000,200000,20283440,57113000
31-Mar-2026,GEMA,GEMA GRAHASARANA Tbk,400,0,0,0,0,0,0,0,790700,0,0,0,100,0,0,0,0,0,0,290435000,0,0,0,0,0,0,0,0,0,0,0,0,0,719900,0,0,0,0,396053900,688000000
31-Mar-2026,GEMS,GOLDEN ENERGY MINES Tbk,151430,87581,17700,499068,0,100339,236500,200000,106700,108,54800,50000,100,1571600,0,0,0,0,0,5846728931,0,0,51400,0,0,0,0,1000,0,0,93100,0,3210409,441450,812500,37100,4601000,12271,23287913,5882353000
31-Mar-2026,GGRM,GUDANG GARAM Tbk,14793372,1031900,359400,6956896,0,2277619,8097453,7350205,5327608,7302908,2636800,2139094,663350,60109,170100,40000,0,0,0,46268789,0,11620200,0,742400,0,0,0,210500,12500,0,102,0,56410298,2144655,13178288,295100,10781289,365500,128921780,330158215
31-Mar-2026,GGRP,GUNUNG RAJA PAKSI Tbk,1704500,0,0,0,0,526518500,0,0,2401000,0,0,0,100,0,11566800,0,0,0,0,3088207907,0,0,0,0,0,0,0,0,0,0,0,0,0,60937400,82000,0,0,0,4510532950,8201951157
31-Mar-2026,GHON,GIHON TELEKOMUNIKASI INDONESIA Tbk,0,0,0,0,0,0,0,0,3900,0,0,0,100,0,0,0,0,0,0,323109700,0,0,0,0,0,0,0,0,0,0,0,0,0,300,0,0,0,0,226886000,550000000
31-Mar-2026,GIAA,GARUDA INDONESIA (PERSERO) Tbk,3095925798,302484000,930000,7224468,4754459,653814576,0,50000,878140645,161647,242231855,0,176695295,1800000,242700,0,0,0,4700,13611717610,0,28333500,0,0,0,0,0,15538093,383300892,0,97,0,382397700,538597786,73273879,37077193,393207302,9720294,11446860331,32284484820
31-Mar-2026,GJTL,GAJAH TUNGGAL Tbk,54766116,10861380,1930913,200000,5000,10292799,9551100,1654500,12567804,595,0,333500,579900,595100,1000,0,0,0,0,410033386,0,0,1919832,163000,0,0,0,1365700,0,0,704000,0,171092457,40073985,39715650,749618,375500,1548,974021232,1743555615
31-Mar-2026,GLOB,GLOBE KITA TERANG Tbk,1500,0,29750500,0,0,17950500,0,0,0,0,0,0,100,0,0,0,0,0,0,996572500,0,0,0,0,0,0,0,0,0,0,0,0,0,46122900,0,0,0,0,20714000,1111112000
31-Mar-2026,GLVA,GALVA TECHNOLOGIES Tbk,0,0,0,0,0,50000000,0,60041400,68500,0,0,0,100,0,0,0,0,0,0,80301900,0,0,0,0,0,0,0,0,0,0,0,0,0,184450000,0,0,0,42073700,283064400,700000000
31-Mar-2026,GMFI,GARUDA MAINTENANCE FACILITY AERO ASIA Tbk,174872454,0,100,0,0,0,0,3000000,0,70,0,0,80194,2187500,373600,0,0,0,0,60193637,0,83297996900,0,161050000,0,0,0,150311775,0,0,0,0,20229604,540435736,4228023,0,58525856,0,5766516085,90240001534
31-Mar-2026,GMTD,GOWA MAKASSAR TOURISM DEVELOPMENT Tbk,0,0,0,0,0,77000,0,0,69974800,0,0,0,1000,0,0,0,0,0,0,23776400,0,0,0,0,0,0,0,0,0,0,0,0,7172500,0,0,0,0,0,2139300,103141000
31-Mar-2026,GOLD,"VISI TELEKOMUNIKASI INFRASTRUKTUR Tbk, PT",0,0,0,0,0,4208325,0,0,257600,0,0,0,100,0,83805000,0,0,0,0,1072151364,0,0,0,0,0,0,0,0,0,0,0,0,0,102659927,0,0,0,0,14193684,1277276000
31-Mar-2026,GOLF,INTRA GOLFLINK RESORTS Tbk,236900,0,0,0,0,0,0,0,9622800,0,0,0,0,53500,0,0,0,0,0,1305826300,0,0,0,0,0,0,0,244200,0,0,0,0,0,227900,0,0,0,0,633788400,1950000000
31-Mar-2026,GOLL,GOLDEN PLANTATION Tbk,11656900,0,266000000,0,0,0,0,0,0,0,0,0,0,29700,155350000,0,0,0,0,3076588400,0,0,0,0,0,0,0,0,0,0,0,0,0,10100,0,800000,0,25000,154530459,3664990559
31-Mar-2026,GOOD,GARUDAFOOD PUTRA PUTRI JAYA Tbk,204900,0,0,270249800,0,0,9222600,0,181500,0,0,1649900,256600,0,0,0,0,0,0,12473968882,0,0,0,0,0,0,0,0,0,0,4350000,0,49215900,1865200,1274500,1373600,17500000,65000,23702613173,36533991555
31-Mar-2026,GOTO,GOTO GOJEK TOKOPEDIA Tbk,23416985185,10633271618,4811201558,37503994891,56801946609,45093376684,39471633816,3358934990,117477314518,2398876663,721284004,10493586944,14994692039,158292723,125720712,5475000,0,0,0,375188594014,2713900,6094814049,21557614447,6664120274,0,0,0,100,86655000,0,7025734411,1055947355,105523230489,11197739442,51359391631,6556893394,30838034691,1113424100,145982872222,1137714367473
31-Mar-2026,GPRA,PERDANA GAPURAPRIMA Tbk,26125600,0,0,0,784034,0,0,12517200,29817100,84,0,0,1890100,0,0,0,0,0,0,2663753297,0,0,0,0,0,0,0,0,0,0,0,0,8000000,2934018,0,0,0,226,1530833677,4276655336
31-Mar-2026,GPSO,GEOPRIMA SOLUSI Tbk,1983800,0,3631600,0,0,12451100,0,0,6007500,0,0,0,100,554300,0,0,0,0,0,368393386,0,0,0,0,0,0,0,0,0,0,0,0,0,60300,0,0,0,0,273659017,666741103
31-Mar-2026,GRIA,INGRIA PRATAMA CAPITALINDO Tbk,0,0,0,0,0,0,0,0,1054500,0,0,0,0,0,0,0,0,0,0,489200,0,0,0,0,0,0,0,0,0,0,0,0,0,0,0,0,0,0,4897976974,4899520674
31-Mar-2026,GRPH,GRIPTHA PUTRA PERSADA Tbk,2907400,0,0,0,0,0,0,0,0,0,0,0,0,0,0,0,0,0,0,696471700,0,0,0,0,0,0,0,0,0,0,0,0,0,0,0,0,0,0,300620900,1000000000
31-Mar-2026,GRPM,GRAHA PRIMA MENTARI Tbk,350600,0,0,0,0,0,0,0,2401700,0,0,0,0,0,0,0,0,0,0,1093159200,0,0,0,0,0,0,0,0,0,0,0,0,0,5123550,0,0,0,40000,447005760,1548080810
31-Mar-2026,GSMF,EQUITY DEVELOPMENT INVESTMENT Tbk,19880,36,0,0,55000000,200,0,0,266861394,27524,0,0,100,0,0,0,0,0,0,13566982164,0,0,0,0,0,0,0,0,0,0,0,0,0,56040,0,6000,37500,0,122483353,14011474191
31-Mar-2026,GTBO,GARDA TUJUH BUANA Tbk,6948800,0,0,0,0,1748855100,0,0,676700,22,0,0,100,0,0,0,0,0,0,659799000,0,0,0,0,0,0,0,0,0,0,0,0,0,70478,0,0,4973000,0,76481300,2497804500
31-Mar-2026,GTRA,GRAHAPRIMA SUKSESMANDIRI Tbk,3561100,0,0,0,200,0,0,0,4959200,0,0,0,0,0,0,0,0,0,0,1933300,0,0,0,0,0,0,0,0,0,0,0,0,0,835200,0,0,0,0,367586000,378875000
31-Mar-2026,GTSI,GTS INTERNASIONAL Tbk,25820500,0,0,0,0,1850000,0,1900000,14163900,0,0,0,100100,0,0,0,0,0,330000,13625886479,0,0,0,0,0,0,0,35300,0,0,0,0,82061600,21120200,0,0,0,0,2040995000,15814263079
31-Mar-2026,GULA,AMAN AGRINDO Tbk,245300,0,7487200,0,0,20000,0,0,5597700,0,0,0,100,2295000,0,0,0,0,0,558202500,0,0,0,0,0,0,0,0,0,0,0,0,18300000,7800,0,0,0,0,478206900,1070362500
31-Mar-2026,GUNA,GUNANUSA ERAMANDIRI Tbk,0,0,100,0,0,0,0,0,1061000,0,0,0,0,0,0,0,0,0,0,368145600,0,0,0,0,0,0,0,0,0,0,0,0,0,100,0,0,0,0,2130793200,2500000000
31-Mar-2026,GWSA,GREENWOOD SEJAHTERA Tbk,1008100,0,500000,0,0,0,0,0,2226900,0,0,0,100,0,0,0,0,0,0,494880000,0,0,0,0,0,0,0,0,0,0,0,0,77854500,12010900,367250000,0,0,0,643961500,1599692000
31-Mar-2026,GZCO,GOZCO PLANTATIONS Tbk,11520800,0,292700,0,0,900000,0,399300,19175200,0,0,0,24512200,0,0,0,0,0,0,2104201800,0,0,0,0,0,0,0,0,0,0,0,0,5103100,149599430,10475000,132218600,0,0,3541601870,6000000000
31-Mar-2026,HADE,HIMALAYA ENERGI PERKASA Tbk,0,0,100,0,0,0,0,0,14406000,0,0,0,100,420,0,0,0,0,0,207264160,0,0,0,0,0,0,0,0,0,0,0,0,120634684,5517086,203074512,0,1598109,109,850304720,1402800000
31-Mar-2026,HAIS,HASNUR INTERNASIONAL SHIPPING Tbk,1500,0,0,0,0,0,0,9364500,2227700,0,0,0,100,0,0,0,0,0,0,237951000,0,0,0,0,0,0,0,0,0,0,0,0,11437000,947100,0,0,0,0,1145741100,1407670000
31-Mar-2026,HAJJ,ARSY BUANA TRAVELINDO Tbk,295700,0,0,0,0,800000,0,0,10871300,0,0,0,0,0,0,0,0,0,0,2009432070,0,0,0,0,0,0,0,0,0,0,0,0,0,2060,0,0,0,0,446975923,2468377053
31-Mar-2026,HALO,HALONI JANE Tbk,341400,0,0,0,0,0,0,0,13084900,0,0,0,100,0,1747000,0,0,0,0,393668300,0,0,0,0,0,0,0,0,0,0,0,0,0,14850,0,0,0,2600,5669869967,6078729117
31-Mar-2026,HATM,HABCO TRANS MARITIMA Tbk,22794300,0,0,0,0,0,0,0,20018088,490000,0,0,7600,0,0,0,0,0,0,2133388661,0,0,0,0,0,0,0,0,0,0,0,0,17500,500720,0,0,0,100,902783031,3080000000
31-Mar-2026,HBAT,MINAHASA MEMBANGUN HEBAT Tbk,0,0,0,0,0,0,0,0,36300,0,0,0,0,0,0,0,0,0,0,0,0,0,0,0,0,0,0,0,0,0,0,0,0,0,0,0,0,0,1040704500,1040740800
31-Mar-2026,HDFA,RADANA BHASKARA FINANCE Tbk,216229100,0,0,0,3683066737,22221000,0,0,969000,0,0,0,28502100,0,0,0,0,0,0,2455707293,0,0,0,0,0,0,0,0,0,0,0,0,0,14100100,0,0,0,0,121650453,6542445783
31-Mar-2026,HDIT,HENSEL DAVEST INDONESIA Tbk,300000,0,796679400,0,0,0,0,0,7600,0,0,0,100,0,491100,0,0,0,0,1019700,0,0,0,250000,0,0,0,0,0,0,0,0,0,34700,1812700,0,0,0,724074700,1524670000
31-Mar-2026,HEAL,MEDIKALOKA HERMINA Tbk,6293564,0,1195949500,139053200,0,41461300,194042372,0,64599019,12119653,56832800,90498556,162600,0,0,0,0,0,0,4224097006,0,0,635300,12355300,0,0,0,0,350363700,0,0,8187316,882149929,44480152,159501298,2119400,234190600,2877312,7643980123,15365950000
31-Mar-2026,HELI,JAYA TRISHINDO Tbk,0,0,0,0,0,0,0,0,202900,0,0,0,100,0,0,0,0,0,0,511736100,0,0,0,0,0,0,0,0,0,0,0,0,0,84837900,0,0,0,0,86085387,682862387
31-Mar-2026,HERO,DFI RETAIL NUSANTARA Tbk,244400,0,0,39442100,0,7497350,0,462600,202400,76282,0,0,130600,0,99134175,0,0,0,0,154333851,0,0,0,0,0,0,0,0,0,0,0,0,13676358,353000922,0,25400,0,0,122152918,790379356
31-Mar-2026,HEXA,HEXINDO ADIPERKASA Tbk,955842,0,182100,1435800,100,781100,364500,220600,2605800,160070,0,0,946482,1275200,0,0,0,0,500,43172170,0,0,0,2800,0,0,0,0,0,0,2355500,0,25931596,24996355,866400,104400,101000,0,107839685,214298000
31-Mar-2026,HGII,HERO GLOBAL INVESTMENT Tbk,510500,0,0,0,0,100000,0,0,6427300,0,0,0,0,0,0,0,0,0,0,1865126800,0,0,0,0,0,0,0,0,0,0,0,0,0,800,0,0,0,0,4627834600,6500000000
31-Mar-2026,HILL,HILLCON Tbk,559600,0,0,0,0,0,123600,0,6037400,0,0,0,500,0,0,0,0,0,0,6132206800,0,0,0,0,0,0,0,0,0,0,0,0,365721800,2573293900,0,0,33466000,0,3249390400,12360800000
31-Mar-2026,HITS,HUMPUSS INTERMODA TRANSPORTASI Tbk,0,0,0,0,0,0,0,0,94700,65,0,0,100,0,0,0,0,230,0,7095157233,0,0,0,0,0,0,0,290417,0,0,0,0,0,10484,0,0,0,0,3845911,7099399140
31-Mar-2026,HKMU,HK METALS UTAMA Tbk,1257700,91398700,61000,0,0,0,0,0,107512720,0,0,0,200100,5000,0,0,0,0,0,460012342,0,0,0,20000,0,0,0,0,0,0,0,0,0,1965500,2400000,0,1299100,300,2555617538,3221750000
31-Mar-2026,HMSP,HANJAYA MANDALA SAMPOERNA Tbk,185703043,11678818,1316025,2642325,0,237343575,87993013,19023775,29027453,22261816,0,1528100,9261015,620000,28568800,100000,0,0,0,836632119,0,127275100,2453800,37128000,0,0,0,83100,0,0,3195511,135100,747471738,164089910,183755757,52285970,570249400,10984700,5353460312,8726268275
31-Mar-2026,HOKI,BUYUNG POETRA SEMBADA Tbk,632900,0,6660000,0,0,0,0,0,33424600,0,0,0,100,99000,0,0,0,0,0,65912600,0,0,0,75000,0,0,0,0,0,0,0,0,0,6425100,0,0,35075300,0,3413335714,3561640314
31-Mar-2026,HOME,HOTEL MANDARINE REGENCY Tbk,523268126,5479895094,654945733,0,0,20490100,0,43326476,51392000,0,0,0,0,1167528,0,0,0,0,0,893841818,0,310539612,0,440200,0,0,0,800100,0,0,0,0,2395775254,2867032791,5463861,0,9605097,8298822,7724227170,20990509782
31-Mar-2026,HOMI,GRAND HOUSE MULIA Tbk,1089600,0,0,0,0,0,0,0,2693100,0,0,0,100,0,0,0,0,0,0,833942500,0,0,0,0,0,0,0,0,0,0,0,0,0,0,0,0,0,0,737274700,1575000000
31-Mar-2026,HOPE,HARAPAN DUTA PERTIWI Tbk,3446400,0,0,0,77860216,0,0,0,21263000,0,0,0,100,0,0,500000,0,0,0,1197376700,0,0,0,0,0,0,0,0,0,0,0,0,0,4188900,0,0,0,0,812974887,2117610203
31-Mar-2026,HOTL,SARASWATI GRIYA LESTARI Tbk,0,15719865,0,0,0,0,0,33393900,0,0,0,0,0,0,0,0,0,0,0,2019446500,0,0,0,0,0,0,0,0,0,0,0,0,81670000,111000,0,0,0,0,1384660187,3535001452
31-Mar-2026,HRME,MENTENG HERITAGE REALTY Tbk,23200,0,8400,0,816600,25100000,0,0,0,0,0,0,250100,0,0,0,0,0,0,5098065500,0,0,0,0,0,0,0,0,0,0,0,0,0,107900,0,0,0,0,834378300,5958750000
31-Mar-2026,HRTA,HARTADINATA ABADI Tbk,22858372,0,4800000,7586683,0,4406900,1115340,0,16165938,34117,0,0,215100,1129000,0,0,0,0,10000,3283777428,0,130000,0,2736700,0,0,0,0,0,0,0,0,482333767,5566602,18278453,0,89449300,165000,664503700,4605262400
31-Mar-2026,HRUM,HARUM ENERGY Tbk,53105974,263200,1391500,166500,500,55030550,15818770,6887500,34383800,177622,0,439300,3867385,19709200,0,550000,0,0,0,2537163934,0,2150000,0,6026000,0,0,50000,100,0,0,0,0,81135401,33345099,20275500,862000,415134700,4691100,1475804365,4768430000
31-Mar-2026,HUMI,HUMPUSS MARITIM INTERNASIONAL Tbk,14677300,0,0,0,0,0,0,3000000,10520400,0,0,0,0,0,3300,0,0,0,0,14479185700,0,0,0,0,0,0,0,0,0,0,0,0,9568800,3145450,0,0,0,70,3542124397,18062225417
31-Mar-2026,HYGN,ECOCARE INDO PASIFIK Tbk,0,0,0,28500000,0,47500000,0,0,632200,0,0,0,18119900,0,0,0,0,0,0,59447200,0,0,0,0,0,0,0,0,0,0,0,0,64084800,38221400,0,0,0,0,2268494500,2525000000
31-Mar-2026,IATA,MNC ENERGY INVESTMENTS Tbk,24949300,0,15260578900,2,0,58869866,0,88659090,83226200,66,0,0,960000,200,38211,0,0,0,117,4059534828,0,1000,0,0,0,0,0,0,0,0,105263061,0,49000000,31632971,10252000,0,11530,566,11501372435,31274350343
31-Mar-2026,IBFN,INTAN BARU PRANA Tbk,0,0,0,0,0,0,0,0,0,0,0,0,0,0,0,0,0,0,0,1143715199,0,0,0,0,0,0,0,0,0,0,0,0,0,5700,0,0,20000000,20,353611428,1517332347
31-Mar-2026,IBOS,INDO BOGA SUKSES Tbk,78996300,0,0,0,8500000,0,0,0,31999079,0,0,0,50417300,100000,0,0,0,0,0,4154839537,0,0,0,0,0,0,0,0,0,0,0,0,0,284602,0,400000000,0,0,1993969005,6719105823
31-Mar-2026,IBST,INTI BANGUN SEJAHTERA Tbk,0,0,0,0,0,0,0,0,0,0,0,0,100,0,0,0,0,0,0,0,0,0,0,0,0,0,0,0,0,0,0,0,0,344609,0,0,0,0,306123,650832
31-Mar-2026,ICBP,INDOFOOD CBP SUKSES MAKMUR Tbk,20575525,1899900,2892177,17715844,0,16476488,30731319,2309468,27660805,1108136,58105744,116142849,6299020,95931,306900,0,0,0,834600,111117283,0,41763000,36966900,15782500,0,0,586400,145500,0,0,1724909,141000,786290070,8525759,258186764,574500,470578726,9670900,287171275,2332380192
31-Mar-2026,ICON,ISLAND CONCEPTS INDONESIA Tbk,3680300,0,20000000,0,0,0,0,0,0,0,0,0,100,200,275400,0,0,0,0,244418881,0,54669376,0,0,0,0,0,0,0,0,0,0,0,1250000,0,0,5089250,0,492080151,821463658
31-Mar-2026,IDEA,IDEA INDONESIA AKADEMI Tbk,3644900,0,0,0,0,478500,0,0,43900,0,0,0,31000100,2300000,0,0,0,0,0,421450800,0,0,0,0,0,0,0,0,0,0,0,0,0,21991000,0,0,0,0,581528300,1062437500
31-Mar-2026,IDPR,INDONESIA PONDASI RAYA Tbk,0,0,0,0,0,0,0,0,374400,0,0,0,982600,2748,0,0,0,0,0,51303509,0,0,0,0,0,0,0,0,0,0,0,0,30434003,8673450,0,0,16527,63,211212700,303000000
31-Mar-2026,IFII,INDONESIA FIBREBOARD INDUSTRY Tbk,778200,0,0,0,0,0,0,0,220600,0,0,0,100,0,0,0,0,0,10000,3762231100,0,0,0,0,0,0,0,0,0,0,0,0,0,100,0,0,0,0,285959900,4049200000
31-Mar-2026,IFSH,IFISHDECO Tbk,26000,0,205356400,0,0,0,0,0,10700,0,0,0,5600,0,0,0,0,0,0,201854100,0,0,0,0,0,0,0,0,0,0,0,0,0,23500,0,0,0,0,17723700,425000000
31-Mar-2026,IGAR,CHAMPION PACIFIC INDONESIA Tbk,1508200,0,2500,0,0,0,0,60000,13400,0,0,0,35100,200000,0,0,0,0,0,55143700,0,0,0,0,0,0,0,0,0,0,0,0,371800,932100,0,0,0,0,93533000,151799800
31-Mar-2026,IIKP,INTI AGRI RESOURCES Tbk,27902906,3306907460,0,196376100,0,5943100,1429815360,157919867,101487267,5000,0,1848400,61879000,438118,0,0,0,0,0,6907440393,0,5113670075,2203800,0,0,0,0,7100,4895400,0,0,13156100,7634779734,1159024970,362075222,510260550,3218164804,1415435,3066248839,33283865000
31-Mar-2026,IKAI,INTIKERAMIK ALAMASRI INDUSTRI Tbk,48700,0,267068,0,0,0,0,340000,800,1058,0,0,4091400,294279,0,0,0,0,0,335107956,0,0,0,0,0,0,0,0,0,0,0,0,25000000,6612637,0,0,181002000,10400,10102335707,10655112005
31-Mar-2026,IKAN,ERA MANDIRI CEMERLANG Tbk,177400,0,0,0,0,0,0,0,600,0,0,0,1000100,0,0,0,0,0,0,280218500,0,0,0,0,0,0,0,0,0,0,0,0,0,235700,0,0,0,0,551700700,833333000
31-Mar-2026,IKBI,SUMI INDO KABEL Tbk,963600,0,0,0,0,0,0,0,109000,0,0,0,100,0,0,0,0,0,0,78353000,0,0,0,0,0,0,0,0,0,0,0,0,0,1340,0,0,6606000,0,57947760,143980800
31-Mar-2026,IKPM,IKAPHARMINDO PUTRAMAS Tbk,0,0,0,0,30000000,0,0,0,703600,0,0,0,0,0,0,0,0,0,0,1331142600,0,0,0,0,0,0,0,0,0,0,0,0,208068800,1900,0,0,0,0,114745600,1684662500
31-Mar-2026,IMAS,INDOMOBIL SUKSES INTERNASIONAL Tbk,278949,127800,0,0,0,85000,2427500,0,422632,68,0,143900,86700,0,1000,0,0,0,0,3097432129,0,0,0,59900,0,0,0,10500,0,0,0,0,22365200,609064465,8289800,237300,121322116,50000,128245518,3990650477
31-Mar-2026,IMJS,INDOMOBIL MULTI JASA Tbk,2951521,0,0,0,100,0,0,50,29968100,0,0,0,366100,0,500000,0,0,0,0,10190051489,0,0,0,0,0,0,0,99036,0,0,0,0,24730700,1632475,0,0,0,72,598955357,10849255000
31-Mar-2026,IMPC,IMPACK PRATAMA INDUSTRI Tbk,92517438,35100,0,0,0,1120394506,17275148,558400,2620944681,78,0,268900,4493405,267300,1840000,0,0,0,0,19033477294,0,0,922200,4995100,0,0,0,0,0,0,0,0,82890956,2279805074,12755100,1283100,11776420,1839900,4998479900,30286820000
31-Mar-2026,INAF,INDOFARMA Tbk,100,81,0,0,0,1522800,21406900,0,1500,15740,0,0,239100,0,6700,0,0,0,0,6686400,0,425907600,0,0,0,0,0,0,0,0,0,0,28895973,90894,236229,0,17320500,606100,96330883,599267500
31-Mar-2026,INAI,INDAL ALUMINIUM INDUSTRY Tbk,67600,0,52000,0,0,0,0,0,23846400,0,0,0,110100,0,0,0,0,0,0,56464400,0,0,0,0,0,0,0,0,0,0,0,0,0,258800,0,0,0,0,157821500,238620800
31-Mar-2026,INCF,INDO KOMODITI KORPORA Tbk,0,0,0,0,0,226500,0,0,15106,0,0,0,100,0,100,0,0,0,0,576821193,0,400,0,0,0,0,0,1062000,0,0,0,0,0,28750,0,7500,0,0,845333340,1423494989
31-Mar-2026,INCI,INTANWIJAYA INTERNASIONAL Tbk,32120,50,1,0,0,0,0,58992,402,5573,0,0,305,0,0,190,0,0,58,4024,0,0,0,0,0,0,0,331672,0,0,0,0,22368,1576243,0,159,38,83,203934206,205966484
31-Mar-2026,INCO,VALE INDONESIA Tbk,60213543,6711171,2723656,20497412,0,5003139,126322616,2649974,61487935,637926,3246200,126738035,12311399,544400,3500,31000,0,0,0,4867112809,0,3609734790,548787,7367646,0,50000,0,10003000,368700,0,384900,758700,452058212,18115414,317386863,832082,501223441,13724413,286258811,10515050474
31-Mar-2026,INDF,INDOFOOD SUKSES MAKMUR Tbk,274911271,65831800,4189167,66055150,1193900,21676566,159340311,36633200,91463469,1468075,42608548,73004928,10981517,2613526,1420000,0,0,0,9100,585571485,2277300,15645655,71536100,10335400,500,0,0,8453200,450200,0,29301403,5940868,1339248649,40646433,317853079,17771275,598016705,43814325,414323938,4354636543
31-Mar-2026,INDO,ROYALINDO INVESTA WIJAYA Tbk,32584400,0,0,0,0,0,0,0,24187000,0,0,0,100,1000000,0,0,0,0,0,1925900,0,0,0,0,0,0,0,0,0,0,0,0,0,10093094,0,0,0,0,963671144,1033461638
31-Mar-2026,INDR,INDO-RAMA SYNTHETICS Tbk,141827,180139,15500,22003,0,14548900,0,0,86504,16042,0,0,165100,0,100000,0,0,0,0,1707502,0,0,0,0,0,0,16229,0,0,0,0,0,2278952,577491,145152,0,0,2780,30043168,50047289
31-Mar-2026,INDS,INDOSPRING Tbk,2829240,0,0,0,0,0,0,0,2415100,70,0,0,51070,0,101300,0,0,0,0,5931359180,0,0,0,0,0,0,0,0,0,0,0,0,0,4853370,0,0,324986500,100,272380720,6538976650
31-Mar-2026,INDX,TANAH LAUT Tbk,0,0,216,0,0,6008500,0,30000,260902380,1,0,0,100,0,0,0,0,0,0,487833,0,0,0,0,0,0,0,0,0,0,0,0,0,1440443,88000,0,0,0,165636165,434593638
31-Mar-2026,INDY,INDIKA ENERGY Tbk,23402658,2833600,7884600,2175400,0,24398400,17033600,2043000,7545384,124,4045300,210100,1696253,2778309,7039700,0,0,0,0,3531885487,0,0,0,4448900,0,0,0,9200,0,0,51800,0,300227709,34572244,51889183,606200,268255900,5500005,909658934,5210191990
31-Mar-2026,INET,SINERGI INTI ANDALAN PRIMA Tbk,112662265,0,110200,0,1000000,0,0,1400000,41136299,0,0,0,5083900,23929633,911100,0,0,0,250700,14360335844,0,0,0,0,0,0,0,467300,0,0,0,0,6660989,38328709,50000,0,13264600,1144165,7767375384,22374111088
31-Mar-2026,INKP,INDAH KIAT PULP AND PAPER Tbk,35446627,12487600,4736882,17606667,0,133142116,99652898,746549,422515748,629900,2331200,9006513,1380808,292917,125002,0,0,0,300,1518324822,64,5713922,269500,3051900,500,0,0,52835,51700,0,206700,3070594,322818635,53641509,67977061,6327498,138456588,2405683,282345071,3144865809
31-Mar-2026,INOV,INOCYCLE TECHNOLOGY GROUP Tbk,828200,0,28071000,0,0,0,0,0,6384300,0,0,0,100,0,1200221900,0,0,0,0,1905000,0,0,0,0,0,0,0,0,0,0,0,0,0,48577700,0,0,0,0,522233700,1808221900
31-Mar-2026,INPC,BANK ARTHA GRAHA INTERNASIONAL Tbk,776498,67,100,1,0,0,6794800,0,136174100,1194,0,0,950000100,75500,50000,0,0,0,30000,7141716492,0,0,0,0,0,0,0,0,0,0,0,0,10376200,662893760,13837,625,5331130,193,1339195419,10253430016
31-Mar-2026,INPP,INDONESIAN PARADISE PROPERTY Tbk,1300,0,894557738,1226000,31580388,91508500,0,0,1118239074,0,0,0,872279000,0,0,0,0,0,0,7274630252,0,0,0,0,0,0,0,0,0,0,0,0,28,712678600,0,0,0,50011750,135259102,11181971732
31-Mar-2026,INPS,INDAH PRAKASA SENTOSA Tbk,4300,0,0,0,29300,0,0,0,0,0,0,0,100,0,0,0,0,0,0,524763500,0,0,0,0,0,0,0,0,0,0,0,0,19905300,0,0,0,0,0,66297500,611000000
31-Mar-2026,INRU,TOBA PULP LESTARI Tbk,1166755,0,0,110401,0,3436393,0,0,1288417809,43449,0,0,118210,0,0,0,0,0,0,36588,0,4269,0,0,0,0,0,0,0,0,14205279,0,0,31557180,0,33568,9450,0,20101607,1359240958
31-Mar-2026,INTA,INTRACO PENTA Tbk,0,0,0,0,0,0,0,0,0,10,0,0,50,0,0,0,0,0,0,763901721,0,0,0,0,0,0,0,0,0,0,53470400,0,0,40876,21276400,0,0,65,1998741077,2837430599
31-Mar-2026,INTD,INTER DELTA Tbk,0,0,40000,0,2500,0,0,0,0,0,0,0,100,0,0,0,0,0,12500,338012500,0,0,0,0,0,0,0,0,0,0,0,0,0,429700,0,0,1500,4800,237678850,576182450
31-Mar-2026,INTP,INDOCEMENT TUNGGAL PRAKARSA Tbk,99560804,3602400,129924,22950500,0,1415655,47882246,946800,1710398,71780,4178000,4155150,1383308,59100,612300,0,0,5531100,0,2549882736,0,35685500,1344100,17937600,0,0,10200,1212500,36500,0,0,1237884,191517067,19991764,151318437,62261400,171401029,21999094,87070198,3507095474
31-Mar-2026,IOTF,SUMBER SINERGI MAKMUR Tbk,250400,0,0,0,0,0,0,0,14759600,0,0,0,1000000,0,0,0,0,0,0,210000,0,0,0,0,0,0,0,0,0,0,0,0,0,499200,0,0,0,0,2661078867,2677798067
31-Mar-2026,IPAC,ERA GRAHAREALTY Tbk,0,0,860562600,0,0,0,0,0,0,0,0,0,100,0,0,0,0,0,0,0,0,0,0,0,0,0,0,0,0,0,0,0,0,46000000,0,0,0,0,43305800,949868500
31-Mar-2026,IPCC,INDONESIA KENDARAAN TERMINAL Tbk,8385800,528200,0,4463300,0,32497600,0,1008100,10311900,1480100,0,402600,100,10576000,0,0,0,0,0,102659300,0,3216700,0,10000,0,0,321500,0,0,0,0,0,15042100,5947600,9658100,521800,7487000,7034500,287595400,509147700
31-Mar-2026,IPCM,JASA ARMADA INDONESIA Tbk,8455200,0,0,0,0,0,0,202400,5451100,0,0,0,100,1728,0,0,0,0,13600,571992742,0,269938500,0,0,0,0,1319700,1082700,0,0,0,0,8191377,1042903,3654100,32252200,434326,556826,310916998,1215506500
31-Mar-2026,IPOL,INDOPOLY SWAKARSA INDUSTRY Tbk,2929000,0,0,0,0,227744000,0,10947200,959300,0,0,0,100,0,0,0,0,0,0,1545745700,0,0,0,0,0,0,0,0,0,0,0,0,20427800,19864000,20411200,0,0,0,454028929,2303057229
31-Mar-2026,IPPE,INDO PURECO PRATAMA Tbk,312900,0,0,0,0,0,0,0,0,0,0,0,100,200,316500,0,0,0,0,2229463600,0,0,0,0,0,0,0,0,0,0,0,0,0,1261500,0,0,0,705,2368644495,4600000000
31-Mar-2026,IPTV,MNC VISION NETWORKS Tbk,639300,0,103318400,0,119492160,0,0,265065000,1688313377,0,0,0,100,9359200,0,0,0,0,1226877500,27663626919,0,0,0,0,0,0,0,0,33,0,2755360245,0,175746900,2847440900,42430000,0,27205900,0,5273074907,42197950841
31-Mar-2026,IRRA,ITAMA RANORAYA Tbk,2800,0,22046300,0,136875,300000,0,0,1177000,0,0,0,100,331500,26900,0,0,0,0,1422791800,0,0,0,17500,0,0,0,0,0,0,0,0,0,673400,0,0,0,483300,152012525,1600000000
31-Mar-2026,IRSX,FOLAGO GLOBAL NUSANTARA Tbk,8034500,0,0,0,2900000,25000,0,0,7845900,0,0,0,100,10053900,0,0,0,0,0,4265229600,0,0,0,0,0,0,0,0,0,0,0,0,5894200,8782040,0,0,0,100,1886282037,6195047377
31-Mar-2026,ISAP,ISRA PRESISI INDONESIA Tbk,2186300,0,11,0,0,0,0,0,0,0,0,0,1300100,0,0,0,0,0,0,2026733400,0,0,0,0,0,0,0,0,0,0,0,0,0,473249,27000,0,0,0,1964420478,3995140538
31-Mar-2026,ISAT,INDOSAT Tbk,194292007,10317092,750000,18941700,0,27043413,174643125,3175200,89360352,4603767,16447399,98329410,77545028,1061000,523440000,0,0,0,0,2722466672,5707700,0,1494400,3131770396,0,0,355000,14600,0,0,21183607208,0,2616426984,35394195,653878270,26233700,445401115,22124504,161122139,32245946376
31-Mar-2026,ISEA,INDO AMERICAN SEAFOODS Tbk,1203700,0,0,0,0,0,0,0,0,0,0,0,0,0,0,0,0,0,0,0,0,0,0,0,0,0,0,0,0,0,0,0,0,0,0,0,0,0,288809670,290013370
31-Mar-2026,ISSP,STEEL PIPE INDUSTRY OF INDONESIA Tbk,13041439,6737554,10600,4518000,0,177583662,3373000,6213000,491381300,525065,0,0,218900,29395500,159066100,0,0,0,0,270145050,0,0,0,370000,0,0,433800,582900,0,0,0,0,100449157,30753542,12462934,1010100,0,0,1731219752,3039491355
31-Mar-2026,ITIC,INDONESIAN TOBACCO Tbk,650900,0,0,0,0,0,0,0,2250100,0,0,0,100,0,0,0,0,0,0,2963200,0,0,0,0,0,0,0,0,0,0,0,0,0,129400,0,0,0,0,268066300,274060000
31-Mar-2026,ITMA,SUMBER ENERGI ANDALAN Tbk,4443900,0,25925695,0,0,0,0,0,10290100,0,0,0,3073600,0,11118900,0,0,0,1000,808503800,0,0,0,0,0,0,0,0,0,0,0,0,364000,42471001,0,0,0,0,87091171,993283167
31-Mar-2026,ITMG,INDO TAMBANGRAYA MEGAH Tbk,17506709,1565900,365676,4023020,0,1547238,41438874,645900,6790334,55816,1436100,1490826,2122968,411800,674000,23000,0,0,0,27948844,200800,0,3913000,0,0,0,0,1852200,0,0,9873300,93000,60842293,4972884,20612404,307089,31480925,3077200,148581900,393854000
31-Mar-2026,JARR,JHONLIN AGRO RAYA Tbk,4645000,0,0,0,0,0,0,0,3032400,0,0,0,100,50100,0,0,0,0,0,261065350,0,0,0,0,0,0,0,0,0,0,0,0,0,348000,0,0,572600,0,953236450,1222950000
31-Mar-2026,JAST,JASNITA TELEKOMINDO Tbk,4500,0,0,0,0,0,0,0,0,0,0,0,10100,0,0,0,0,0,0,220176120,0,0,0,0,0,0,0,0,0,0,0,0,0,355282186,0,0,0,0,479090332,1054563238
31-Mar-2026,JATI,INFORMASI TEKNOLOGI INDONESIA Tbk,683500,0,0,0,0,0,0,0,12834600,0,0,0,0,0,0,0,0,0,0,197067000,0,0,0,0,0,0,0,0,0,0,20000,0,0,193500,0,0,0,0,441721506,652520106
31-Mar-2026,JAWA,JAYA AGRA WATTIE Tbk,170982300,0,0,0,0,2344200,0,474900,3922500,0,0,0,11100,0,0,0,0,100,0,15761581427,0,0,0,0,0,0,0,0,0,0,0,0,0,37215100,0,0,0,0,256420215,16232951842
31-Mar-2026,JAYA,ARMADA BERJAYA TRANS Tbk,643700,0,0,0,0,0,0,0,146900,0,0,0,100,0,0,0,0,0,0,365632300,0,0,0,0,0,0,0,0,0,0,0,0,0,886835,0,0,0,0,431189559,798499394
31-Mar-2026,JECC,JEMBO CABLE COMPANY Tbk,700,3272500,0,0,0,0,0,0,73900,16500,0,0,500,0,0,0,0,0,7500,510241300,0,0,0,0,0,0,0,0,0,0,0,0,0,92700,16688800,0,146870300,0,26506600,703771300
31-Mar-2026,JGLE,GRAHA ANDRASENTRA PROPERTINDO Tbk,224268219,0,333825180,108086361,8753037308,4760363616,243881000,0,164703028,15519626,0,0,80147135,15000,150000000,0,0,0,0,894133419,0,0,0,0,0,0,0,0,0,0,0,0,755545503,100000460,529297,0,26800,345,5991669427,22575751724
31-Mar-2026,JIHD,JAKARTA INTERNATIONAL HOTELS & DEVELOPMENT Tbk,2363492,6806,0,67940000,0,58478500,0,0,1385700,200,0,0,70400,20000,450880,0,0,0,0,627516948,0,0,0,0,0,0,0,0,0,0,0,0,1013400,7682049,0,361100,5000,0,452057143,1219351618
31-Mar-2026,JKON,JAYA KONSTRUKSI MANGGALA PRATAMA Tbk,128041900,0,0,0,0,392853330,0,20729800,115680075,7850075,0,0,9985,250000,10000,0,0,0,0,965095157,0,9929587750,0,0,0,0,0,0,0,0,0,0,0,411044040,12547600,0,0,426145328,3512670980,15922516020
31-Mar-2026,JMAS,ASURANSI JIWA SYARIAH JASA MITRA ABADI Tbk,300,0,0,0,0,0,0,30000002,2713800,0,0,0,100,107998,0,158320,0,0,0,669658327,0,4200000,0,0,0,0,0,97,0,0,0,0,73737732,1734928,73198,0,190455,18417,217406326,1000000000
31-Mar-2026,JPFA,JAPFA COMFEED INDONESIA Tbk,140583215,15641400,8933893,96948992,0,1205918045,309053282,17218135,55385606,178790,1692000,61153583,16284514,2271800,1540200,0,0,0,100,7615775869,1000,1807000,30124847,3092300,0,350000,60000,10583987,112800,0,21973430,4265121,825746648,34802750,354148328,21166400,190165200,26038905,602574431,11675592571
31-Mar-2026,JRPT,JAYA REAL PROPERTY Tbk,58352413,1901000,30000,0,0,2163320100,936900,0,30380340,95481,100000000,789500,71197600,0,0,0,0,0,0,641578401,0,5361400000,0,0,0,0,0,0,0,0,0,0,80395818,13999922,43609975,0,20700300,286827700,651243850,9526759300
31-Mar-2026,JSKY,SKY ENERGY INDONESIA Tbk,0,413516733,3448500,0,20000,0,0,50000000,42569800,0,0,0,32000,400000,0,675000,0,0,0,101832639,1200,200,0,0,0,0,0,0,0,0,0,0,0,208850527,1089000,0,185000,236700,1209682591,2032539890
31-Mar-2026,JSMR,JASA MARGA (PERSERO) Tbk,24765322,17646952,0,23507294,0,3608627,88307474,103219,39962988,79486,18845000,37358039,1301672,182600,352300,0,0,0,2400,14126735,0,241943820,227141,22292080,0,0,145065,483681,2236600,0,787,2181933,441225885,6120253,200230991,286042,736243495,18985566,233607913,2176361360
31-Mar-2026,JSPT,JAKARTA SETIABUDI INTERNASIONAL Tbk,4900,0,0,0,0,213557597,0,0,19800,0,0,0,100,0,0,0,0,0,0,1743591015,0,0,0,0,0,0,0,0,0,0,0,0,0,28500,0,1600000,0,0,338622563,2297424475
31-Mar-2026,JTPE,JASUINDO TIGA PERKASA Tbk,1145016,2145900,0,0,0,0,0,0,5165800,42,0,0,3775400,0,0,0,0,0,0,4901950200,0,0,0,0,0,0,0,0,0,0,0,0,38087491,67353542,41784309,0,0,0,1790642300,6852050000
31-Mar-2026,KAEF,KIMIA FARMA Tbk,12450,0,0,0,0,150000,0,130000,775300,6031,0,0,523600,0,6900,0,0,0,0,845148,0,250571900,0,10000,0,0,0,0,0,0,0,0,2241700,1542514,485500,0,989000,499200,307800334,566589577
31-Mar-2026,KAQI,JANTRA GRUPO INDONESIA Tbk,15003300,0,0,0,0,0,0,0,4911200,0,0,0,0,800,0,0,0,0,0,1626827300,0,0,0,0,0,0,0,0,0,0,0,0,0,344200,0,0,0,3200,428710000,2075800000
31-Mar-2026,KARW,MERATUS JASA PRIMA Tbk,400,0,0,0,0,0,0,0,0,0,0,0,100,0,0,0,0,0,0,455398800,0,0,0,0,0,0,0,0,0,0,0,0,0,759200,0,0,0,0,129651500,585810000
31-Mar-2026,KAYU,DARMI BERSAUDARA Tbk,3524100,0,5762220,0,0,0,0,0,18969000,39800,0,0,26949400,0,0,0,0,0,0,249942859,0,0,0,0,0,0,0,1259700,0,0,0,0,0,4800,0,0,0,0,358548121,665000000
31-Mar-2026,KBAG,KARYA BERSAMA ANUGERAH Tbk,63000,0,0,0,0,0,0,0,0,0,0,0,4000100,0,0,0,0,1000000,0,4281768600,0,300000,0,0,0,0,0,145000,0,0,0,0,0,15100,0,0,0,98200,2862612603,7150002603
31-Mar-2026,KBLI,KMI Wire and Cable Tbk,235692525,0,28500,0,0,1000000,0,0,198004,65415,8698000,0,250200,0,0,0,0,0,0,2037612802,0,0,0,105000,0,0,0,1510600,0,0,0,0,1267039590,1141158,33298213,97000,38244100,13369400,323573880,3961924387
31-Mar-2026,KBLM,KABELINDO MURNI Tbk,30240100,0,0,0,0,0,0,0,31300,39500,0,0,100,0,0,0,0,0,0,864801000,0,0,0,0,0,0,0,0,0,0,0,0,0,73869200,0,4000,250500,0,73929120,1043164820
31-Mar-2026,KBLV,FIRST MEDIA Tbk,2608000,0,0,0,0,200000,0,0,687372423,0,0,0,100,0,50000,0,0,0,80,54586784,0,0,0,0,0,0,0,30800,0,0,0,0,0,1367,0,0,0,0,837042140,1581891694
31-Mar-2026,KBRI,KERTAS BASUKI RACHMAT INDONESIA Tbk,150000,6537394329,20962607,0,4200000,2900000,0,30673288,34104000,0,0,0,0,0,0,0,0,0,0,57156686,0,0,0,0,0,0,0,0,0,0,0,0,114665600,9208171,116650000,0,4971078,0,1579249075,8512284834
31-Mar-2026,KDSI,KEDAWUNG SETIA INDUSTRIAL Tbk,305200,0,0,0,0,0,0,440000,700,0,0,0,400,0,0,0,0,0,0,1361063700,0,0,0,0,0,0,0,0,0,0,0,0,0,218000,0,0,0,0,246028800,1608056800
31-Mar-2026,KDTN,PURI SENTUL PERMAI Tbk,1422400,0,0,0,0,0,0,0,2720200,0,0,0,100,0,0,0,0,0,0,84383300,0,0,0,0,0,0,0,0,0,0,0,0,0,1758190,0,0,0,0,159739108,250023298
31-Mar-2026,KEEN,KENCANA ENERGI LESTARI Tbk,5947800,0,12287733,0,0,0,67700,0,4104400,0,0,0,50100,39900,200000,0,0,0,1500,1280530911,0,916578300,0,0,0,0,0,0,0,0,0,0,420000,1641400,0,0,0,0,1444442756,3666312500
31-Mar-2026,KEJU,MULIA BOGA RAYA Tbk,21750,0,0,0,0,0,0,0,593900,0,0,0,375,716100,0,0,0,0,0,1643224375,0,0,0,0,0,0,0,0,0,0,0,0,773000,1362500,0,0,0,450,281665299,1928357749
31-Mar-2026,KETR,KETROSDEN TRIASMITRA Tbk,42380300,0,590000,0,0,11500000,0,100000,26078100,0,0,0,100,573000,0,0,0,0,0,530563883,0,0,0,0,0,0,0,0,0,0,0,0,842800,14735000,0,0,0,0,607733724,1235096907
31-Mar-2026,KIAS,KERAMIKA INDONESIA ASSOSIASI Tbk,13000,0,10000,0,0,0,0,0,3500,2500,0,0,100,0,0,0,0,0,0,265823300,0,0,0,0,0,0,0,0,0,0,0,0,0,950281,0,0,42000,104100,624115886,891064667
31-Mar-2026,KICI,KEDAUNG INDAH CAN Tbk,4740,0,0,0,0,1714000,0,0,600,0,0,0,100,100300,0,0,0,0,0,7347000,0,0,0,0,0,0,0,0,0,0,0,0,168360,571528,0,0,600,40,48612460,58519728
31-Mar-2026,KIJA,KAWASAN INDUSTRI JABABEKA Tbk,2774689920,24797714,11564070,2447037,0,890810235,136180027,84918,80362954,5138,0,260637700,8131128,1000,1100433,0,0,0,523,1644882527,0,94198100,7760200,1029138,0,0,0,2359,0,0,21565326,0,2522865508,378621786,590948560,6507782,27788733,168077617,5688460358,15343520791
31-Mar-2026,KING,HOFFMEN CLEANINDO Tbk,225500,0,0,0,0,0,0,0,1087800,0,0,0,100,143000000,107000000,0,0,0,0,128707600,0,0,0,0,0,0,0,0,0,0,0,0,0,60,0,0,0,0,142831110,522852170
31-Mar-2026,KINO,KINO INDONESIA Tbk,494656,0,0,0,0,125000,56300,0,23200,96,0,0,25700,0,0,0,0,0,0,1212213000,0,0,0,0,0,0,0,0,0,0,0,0,0,50861524,0,0,0,0,164772024,1428571500
31-Mar-2026,KIOS,KIOSON KOMERSIAL INDONESIA Tbk,4254900,0,20000000,0,0,746550,0,0,192000,400000,0,0,235000,0,0,0,0,0,0,478872424,0,0,0,0,0,0,0,0,0,0,0,0,67028600,8320450,0,0,38187900,0,457625136,1075862960
31-Mar-2026,KJEN,KRIDA JARINGAN NUSANTARA Tbk,1011700,0,0,0,0,0,0,0,122600,0,0,0,300,20000,0,0,0,0,0,242400,0,0,0,0,0,0,0,0,0,0,0,0,29615300,3200,0,0,0,0,141734500,172750000
31-Mar-2026,KKES,KUSUMA KEMINDO SENTOSA Tbk,0,0,0,0,0,0,0,0,0,0,0,0,300100,4000000,0,0,0,0,0,5153600,0,0,0,0,0,0,0,0,0,0,0,0,0,360000,0,0,0,0,710186300,720000000
31-Mar-2026,KKGI,RESOURCE ALAM INDONESIA Tbk,12122575,0,0,0,1391585329,0,0,6063000,5731021,517907,0,0,229146,0,260424775,0,0,0,0,2579258864,0,0,0,0,0,0,0,0,0,0,4646224,548583,4132186,17231295,6385962,207200,0,600,612037906,4901122573
31-Mar-2026,KLAS,PELAYARAN KURNIA LAUTAN SEMESTA Tbk,1109586,0,0,0,0,0,0,0,33730888,64,0,0,30000,2000000,30000,0,0,0,0,10242657,0,0,0,0,0,0,0,0,0,0,0,0,0,357,0,0,0,83,981855675,1028999310
31-Mar-2026,KLBF,KALBE FARMA Tbk,375863220,74194394,3033130,360259498,106000,189711737,749772587,50873106,549601113,80648890,130122504,673784346,87619438,397600,1066000,0,0,0,141900,30441428448,0,199494885,45301400,126090800,9300,0,925000,40456022,7838500,0,8998761,23977962,5205631442,476493246,1708436991,97375858,2916837758,67517930,2045975534,46740906000
31-Mar-2026,KLIN,KLINKO KARYA IMAJI Tbk,0,0,0,0,0,0,0,0,1077500,0,0,0,100,0,0,0,0,0,0,1184361000,0,0,0,0,0,0,0,0,0,0,0,0,0,350,0,0,0,0,122091380,1307530330
31-Mar-2026,KMDS,KURNIAMITRA DUTA SENTOSA Tbk,348100,0,0,0,0,0,0,0,229000,2116900,0,0,100,0,0,0,0,0,0,605679711,0,0,0,0,0,0,0,0,0,0,0,0,0,20000,0,0,0,0,191606189,800000000
31-Mar-2026,KMTR,KIRANA MEGATARA Tbk,365965600,0,0,0,0,169492900,0,0,192200,97,0,0,200100,0,0,0,0,0,0,7599765161,0,0,0,0,0,0,0,0,0,0,0,0,0,250003,0,0,500000,0,79000318,8215366379
31-Mar-2026,KOBX,KOBEXINDO TRACTORS Tbk,0,0,0,0,0,0,0,0,3901000,0,0,0,100,0,0,0,0,0,0,2145408700,0,0,0,0,0,0,0,0,0,0,0,0,1571400,791500,200000,0,21331600,0,99295700,2272500000
31-Mar-2026,KOCI,KOKOH EXA NUSANTARA Tbk,927600,0,0,0,0,0,0,0,11803900,0,0,0,0,0,0,0,0,0,0,8942100,0,0,0,0,0,0,0,0,0,0,0,0,0,403200,0,0,0,0,918846966,940923766
31-Mar-2026,KOIN,KOKOH INTI AREBAMA Tbk,0,0,0,0,0,0,0,0,0,0,0,0,100,0,988600,0,0,0,0,80075,0,0,0,0,0,0,0,0,0,0,0,0,6999641,5155,0,0,9,25,83933639,92007244
31-Mar-2026,KOKA,KOKA INDONESIA Tbk,1262500,0,0,0,0,0,0,0,12703400,0,0,0,0,1680000,0,0,0,0,0,26173700,0,0,0,0,0,0,0,0,0,0,0,0,0,6309700,0,0,0,33,727205827,775335160
31-Mar-2026,KONI,PERDANA BANGUN PUSAKA Tbk,0,0,0,0,0,0,0,0,26500,3000,0,0,100,0,0,0,0,0,0,50000,0,0,0,0,0,0,0,0,0,0,0,0,0,33000,0,0,12460000,0,192541400,205114000
31-Mar-2026,KOPI,MITRA ENERGI PERSADA Tbk,0,35,30000000,0,0,0,0,5,364205,0,0,0,400,0,0,0,0,0,0,557549881,0,52295001,0,0,0,0,0,0,0,0,500,0,0,2435,0,0,0,0,55581613,695794075
31-Mar-2026,KOTA,DMS PROPERTINDO Tbk,2726800,0,110225775,0,0,0,0,0,65357000,100,0,0,500100,1300,0,0,0,0,0,6282051269,0,0,0,0,0,0,0,0,0,0,0,0,570200000,375200361,516763000,0,0,0,2623159996,10546185701
31-Mar-2026,KPIG,MNC LAND Tbk,57487200,55011400,2479555241,524541200,190656700,17000000,1221156419,220000000,18611401956,100,15374500,214761836,538354100,562100,0,0,0,0,12411778375,27176574158,0,0,0,0,0,0,0,0,1000000,0,19256488450,0,1450309400,9134723522,350449186,12444200,237294100,1470,5680633650,99857559263
31-Mar-2026,KRAS,KRAKATAU STEEL Tbk,31082660,7391900,10061700,1319600,0,41871568,107333622,42654416,15944652,91945,0,0,4824450,5542549,166300,0,0,0,0,273665447,0,305163700,0,11200,0,0,0,181600,0,0,0,0,22124146,251096014,156029330,1351800,50364569,6719024,2419562040,3754554232
31-Mar-2026,KREN,QUANTUM CLOVERA INVESTAMA Tbk,4101,0,4360000,0,0,31660000,0,4222300,33078400,59,0,0,1910100,3647900,934921300,0,0,0,0,1750767816,0,0,0,17500,0,0,0,0,0,0,0,0,0,2186040,1192500,0,2568845400,1071700,10471584650,15809469766
31-Mar-2026,KRYA,BANGUN KARYA PERKASA JAYA Tbk,2184300,0,0,0,0,0,0,0,7729000,0,0,0,100,0,148783400,0,0,162207800,0,62229200,0,0,0,0,0,0,0,500000,0,0,0,0,0,1224005,0,0,0,0,1079085669,1463943474
31-Mar-2026,KSIX,KENTANIX SUPRA INTERNATIONAL Tbk,300,0,0,0,0,0,0,0,805000,0,0,0,0,0,0,0,0,0,0,2058213100,0,0,0,0,0,0,0,0,0,0,0,0,0,0,0,0,0,0,78813400,2137831800
31-Mar-2026,KUAS,ACE OLDFIELDS Tbk,2901700,0,0,0,0,0,0,0,0,0,0,0,100,0,0,7700000,0,0,0,2013500,0,0,0,0,0,0,0,0,0,0,0,0,0,91070,0,0,0,0,377531240,390237610
31-Mar-2026,LABA,GREEN POWER GROUP Tbk,563800,0,4493100,0,0,0,0,0,599522,0,0,0,100,0,0,0,0,0,0,412270400,0,0,0,0,0,0,0,600,0,0,0,0,0,0,0,0,0,200000,685275031,1103402553
31-Mar-2026,LABS,UBC MEDICAL INDONESIA Tbk,0,0,117646900,0,0,0,0,0,821800,0,0,0,0,48497900,0,0,0,0,0,234267400,0,0,0,0,0,0,0,0,0,0,0,0,0,1500,0,0,0,0,429336100,830571600
31-Mar-2026,LAJU,JASA BERDIKARI LOGISTICS Tbk,10035100,0,0,0,0,400000,0,0,88300,0,0,0,100,0,0,0,0,0,0,1050000,0,0,0,0,0,0,0,0,0,0,0,0,0,12520,0,0,0,400,688516554,700102974
31-Mar-2026,LAND,TRIMITRA PROPERTINDO Tbk,2853600,0,100,0,0,215000,0,0,13884100,0,0,0,100,0,0,0,0,0,0,133185500,0,0,0,0,0,0,0,0,0,0,0,0,0,200000,0,0,0,200,753961400,904300000
31-Mar-2026,LAPD,LEYAND INTERNATIONAL Tbk,134800,0,100,0,0,0,0,0,22223000,0,0,0,0,500000,0,0,0,0,0,2123821619,0,0,0,0,0,0,0,900000,0,0,0,0,0,16129500,0,100,0,0,1802641020,3966350139
31-Mar-2026,LCGP,EUREKA PRIMA JAKARTA Tbk,251878909,85772998,23249754,7,0,0,244200900,34101929,582269,0,0,0,2558273,228957,180764,0,0,0,0,593703358,0,370093277,0,257053100,0,0,0,155358481,0,0,0,0,1538368160,165497225,326747410,65000000,292087817,243630723,979706603,5630000914
31-Mar-2026,LCKM,LCK GLOBAL KEDATON Tbk,320000,0,627808000,0,300,0,0,0,160100,0,0,0,548100,0,0,0,0,0,0,241384500,0,0,0,0,0,0,0,0,0,0,0,0,0,405000,30000,0,0,0,129344000,1000000000
31-Mar-2026,LEAD,LOGINDO SAMUDRAMAKMUR Tbk,12229500,0,405000000,0,0,0,0,5567729,15150486,57,0,0,1822557,3500,0,0,0,0,0,1416621800,0,0,0,0,0,0,0,0,0,0,0,0,0,1918461,1135000,0,0,0,2553148238,4412597328
31-Mar-2026,LFLO,IMAGO MULIA PERSADA Tbk,0,0,0,0,0,0,0,0,29100,0,0,0,100,60743900,0,0,0,0,0,121300100,0,0,0,0,0,0,0,0,0,0,0,0,0,0,0,0,0,0,425661737,607734937
31-Mar-2026,LIFE,MSIG LIFE INSURANCE INDONESIA Tbk,429300,0,102024,0,0,1000000,0,0,300,0,0,0,100,0,0,0,1932876,0,0,359728899,0,0,0,0,0,0,0,0,0,0,0,0,1217900,2348700,0,0,1732356901,0,883000,2100000000
31-Mar-2026,LINK,LINK NET Tbk,36692569,0,0,0,0,200000,0,136203259,828470,84,0,0,1986525227,0,0,0,0,0,0,659668703,0,0,0,0,0,0,0,0,0,0,100,0,31129354,147028,0,0,0,0,11800690,2863195484
31-Mar-2026,LION,LION METAL WORKS Tbk,0,0,0,0,0,24000000,0,0,264400,0,0,0,100,0,0,0,0,0,0,32700000,0,0,0,0,0,0,0,0,0,0,0,0,0,1500,0,0,0,0,59276500,116242500
31-Mar-2026,LIVE,HOMECO VICTORIA MAKMUR Tbk,344600,0,32100,0,0,0,0,0,952300,0,0,0,0,56451900,0,0,0,0,0,3651368310,0,0,0,0,0,0,0,0,0,0,0,0,14550800,37315100,0,0,0,0,831989904,4593005014
31-Mar-2026,LMAS,LIMAS INDONESIA MAKMUR Tbk,0,0,0,0,0,70000,0,0,0,3500,0,0,0,0,0,0,0,0,0,4705700,0,0,0,0,0,0,0,0,0,0,0,0,0,14362299,0,0,0,0,768709676,787851175
31-Mar-2026,LMAX,LUPROMAX PELUMAS INDONESIA Tbk,300,0,0,0,0,0,0,0,0,0,0,0,0,64400,0,0,0,0,0,200000,0,0,0,0,0,0,0,0,0,0,0,0,0,50,0,0,0,0,194744025,195008775
31-Mar-2026,LMPI,LANGGENG MAKMUR INDUSTRI Tbk,0,57901002,0,0,0,0,0,0,0,15674,0,0,100,0,0,0,0,0,0,139719291,0,0,0,0,0,0,0,0,0,0,0,0,0,4479578,15800,0,0,40,367467675,569599160
31-Mar-2026,LMSH,LIONMESH PRIMA Tbk,0,0,0,0,0,60000,0,0,0,0,0,0,100,0,0,0,0,0,0,4700000,0,0,0,0,0,0,0,0,0,0,0,0,0,85000,0,4000,0,0,36170400,41019500
31-Mar-2026,LOPI,LOGISTICSPLUS INTERNATIONAL Tbk,0,0,0,0,738449600,4536800,0,0,918700,0,0,0,0,0,0,0,0,0,0,972700,0,0,0,0,0,0,0,0,0,0,0,0,0,10096900,0,0,0,0,345036589,1100011289
31-Mar-2026,LPCK,LIPPO CIKARANG Tbk,8233399,0,12000,0,0,900000,19400,2231900,3429400,43221,0,0,309055,0,0,0,0,0,0,207296194,0,0,0,0,0,0,0,1290400,0,0,55500,0,1567700,8098640,153000,0,1534400,0,423828601,659002810
31-Mar-2026,LPGI,LIPPO GENERAL INSURANCE Tbk,776000,0,0,0,0,953200,0,0,61900,0,0,0,1000,0,0,0,0,0,0,690648600,0,0,0,0,0,0,0,0,0,0,0,0,0,20124100,0,0,2230927000,0,55958200,2999450000
31-Mar-2026,LPIN,MULTI PRIMA SEJAHTERA Tbk,0,0,0,0,0,0,0,0,1038800,0,0,0,100,0,1300,0,0,0,0,347248900,0,0,0,0,0,0,0,0,0,0,0,0,0,104500,0,0,0,0,73758400,422152000
31-Mar-2026,LPKR,LIPPO KARAWACI Tbk,4432623191,39195670,1701396515,110165000,9035,623434143,85552971,1236200000,1848746583,355514,0,3082530,581614430,18300100,7371500000,0,0,0,0,37288035015,0,0,0,0,0,0,0,60000,0,0,0,0,2134142318,1194118774,286918648,1642435150,232001470,10332500,9025968214,69866187771
31-Mar-2026,LPLI,STAR PACIFIC Tbk,1600485,0,500,12500,0,824999,0,520560,47535162,76577,0,0,1335360,0,125000,0,0,0,0,834095211,0,7000,0,0,0,0,0,0,0,0,0,0,2846000,4111803,125025,699506,125,55,274968458,1168884326
31-Mar-2026,LPPF,MATAHARI DEPARTMENT STORE Tbk,25241477,0,300117600,1332000,200000000,18417400,5242000,441500,102185318,32732,0,1081114,131178,3045711,0,0,0,0,0,1093879827,0,520000,0,2301200,0,0,0,0,0,0,1991500,0,87012626,62060988,27054872,351520,1296000,2426620,321908373,2258071556
31-Mar-2026,LPPS,LENOX PASIFIK INVESTAMA Tbk,85475302,0,301500,210000,0,1057500,0,1030000,57455300,8475,0,0,1179105,0,125000,0,0,0,5000,1818105232,0,0,0,0,0,0,0,0,0,0,0,0,0,6797789,0,67000,0,250,609765336,2581582789
31-Mar-2026,LRNA,EKA SARI LORENA TRANSPORT Tbk,0,0,0,0,0,0,0,0,0,0,0,0,100,0,0,0,0,0,0,71284300,0,0,0,0,0,0,0,0,0,0,0,0,0,624600,0,0,0,0,78091022,150000022
31-Mar-2026,LSIP,PP LONDON SUMATRA INDONESIA Tbk,107119713,22685223,3678100,22996066,0,3502200,11874123,3177100,37164465,13837,6297000,1154663,2371157,330300,480000,0,0,0,0,103183287,0,232574500,923502,131000,0,0,0,0,5169800,0,3478131,0,418075898,36765941,230736247,2979900,398651700,24478700,1080324357,2760316910
31-Mar-2026,LTLS,LAUTAN LUAS Tbk,1899300,80800,75588400,0,0,160000,0,1894600,85111800,104400,0,40000,387400,0,0,0,0,0,0,546308900,0,0,0,0,0,0,0,0,0,0,19078600,0,1419400,1528238,653472,280000,206300,1000,236662190,971404800
31-Mar-2026,LUCK,SENTRAL MITRA INFORMATIKA Tbk,1001600,0,0,0,0,0,0,0,713900,0,0,0,13649600,0,0,0,0,106889040,0,1439700,0,1300,0,0,0,0,0,0,0,0,0,0,0,1979400,0,0,0,0,590075100,715749640
31-Mar-2026,LUCY,LIMA DUA LIMA TIGA Tbk,2917000,0,0,0,0,0,0,0,4575400,0,0,0,100,0,0,0,0,0,0,921773542,0,0,0,0,0,0,0,0,0,0,0,0,0,0,0,0,0,0,585507851,1514773893
31-Mar-2026,MABA,MARGA ABHINAYA ABADI Tbk,481405156,2554310600,53978000,0,100,0,0,82369800,101547816,18500,0,0,0,1931938,0,0,0,0,0,3492199827,0,574796426,0,15200,0,0,0,0,0,0,0,0,3681123790,143439120,10177044,19900000,161598801,287894,4006019900,15365119912
31-Mar-2026,MAGP,MULTI AGRO GEMILANG PLANTATION Tbk,0,100000,1960000,0,0,0,0,56752000,4595500,510923,0,0,845500,0,0,0,0,0,0,6084950500,0,0,0,0,0,0,0,0,0,0,0,0,50000000,5745745,633218000,0,5248000,202100,2155871736,9000000004
31-Mar-2026,MAHA,MANDIRI HERINDO ADIPERKASA Tbk,6789600,0,0,4177500,0,0,0,0,18130800,0,0,0,0,1755500,0,0,0,0,0,395159000,0,0,0,0,0,0,0,750000,0,0,703884,0,38911300,2586483,24083033,0,0,0,3672952900,4166000000
31-Mar-2026,MAIN,MALINDO FEEDMILL Tbk,19419932,1592700,29000,0,0,86113728,13400,25567563,4102000,98,0,0,239200,0,0,0,0,0,0,1457535048,0,0,475400,0,0,0,0,0,0,0,0,0,19981537,87737414,9446797,0,1463800,100000,524932383,2238750000
31-Mar-2026,MANG,MANGGUNG POLAHRAYA Tbk,253600,0,0,0,0,0,0,0,9606200,0,0,0,0,0,0,0,0,0,0,41359100,0,0,0,0,0,0,0,0,0,0,0,0,0,60,500000,0,0,0,3500851622,3552570582
31-Mar-2026,MAPA,MAP AKTIF ADIPERKASA Tbk,228584014,542600,76938780,218769300,225622800,104241300,161709169,176626900,321103706,22654168,1279351626,217559045,3429370,5730800,0,0,0,0,0,101057650,0,0,1293400,36004800,0,0,0,0,166700,0,0,34677987,3355791011,95339640,584708483,4252400,1076884200,21802900,534166451,8889009200
31-Mar-2026,MAPB,MAP BOGA ADIPERKASA Tbk,362000,0,480933733,0,0,0,0,144500,22238767,0,0,0,100,0,0,0,0,0,0,108608100,0,0,0,0,0,0,0,0,0,0,0,0,0,76362500,0,0,0,0,8073200,696722900
31-Mar-2026,MAPI,MITRA ADIPERKASA Tbk,158007112,26024043,33632300,99095056,0,275622300,371873798,72773621,178809287,19770679,200506415,258591840,75215800,4265500,0,0,0,0,2400,8566158500,0,0,1523000,59783500,0,0,0,0,125400,0,0,7749141,3432953504,63270533,730905497,11344100,1603141700,42577300,306277674,16600000000
31-Mar-2026,MARI,MAHAKA RADIO INTEGRA Tbk,526300,0,0,0,0,1750000,0,0,25200,0,0,0,100,118383,12379193,0,0,0,0,3055381405,0,0,0,40000,0,0,0,0,0,0,0,0,8962423,302667,445500,48518800,124131,388275,2123681623,5252644000
31-Mar-2026,MARK,MARK DYNAMICS INDONESIA Tbk,29028030,0,1538122870,0,0,3102100,410000,2712500,15354000,6,0,0,181325500,67500,0,0,0,0,0,11253386,0,100,0,0,0,0,0,0,0,0,0,0,8065800,21682664,400000,0,0,0,539635671,2351160127
31-Mar-2026,MASB,BANK MULTIARTA SENTOSA Tbk,300,0,0,0,0,0,0,0,0,0,0,0,9400,0,0,0,0,0,0,267169100,0,0,0,0,0,0,0,0,0,0,0,0,0,63257000,0,0,0,0,48224963,378660763
31-Mar-2026,MAXI,MAXINDO KARYA ANUGERAH Tbk,63000,0,921555420,0,0,0,0,0,688573800,0,0,0,0,0,0,0,0,0,0,6116609300,0,0,0,0,0,0,0,0,0,0,0,0,0,4436700,0,0,0,0,1878861761,9610099981
31-Mar-2026,MAYA,BANK MAYAPADA INTERNASIONAL Tbk,1107942,121,6100,0,0,0,7576248,0,3039800,78,0,2117226,1200000100,0,0,0,0,0,0,2971776989,0,0,0,0,0,0,0,0,0,0,0,0,37656868,3195535,1131976,3731396,2244483678,0,2567314151,9043138208
31-Mar-2026,MBAP,MITRABARA ADIPERDANA Tbk,50731901,0,0,0,0,0,0,0,78000,95,0,0,100,0,0,0,0,0,110454460,368470400,0,0,0,0,0,0,21314,4300,0,0,0,7000,926895,5786,448313,0,102500,73896,70038300,601363260
31-Mar-2026,MBMA,MERDEKA BATTERY MATERIALS Tbk,439416781,5414600,20052700,0,1086500,92509400,448169120,825900,4555736800,229616,0,843600,62439000,1303500,4515700,900000,0,0,0,75772095813,0,0,2682700,20269800,0,725000,0,670500,0,0,549200,0,1410110439,179651481,246030550,1159481178,1095542200,44906700,14280201122,99846359900
31-Mar-2026,MBSS,MITRABAHTERA SEGARA SEJATI Tbk,3538840,0,0,0,0,2500000,0,0,7919700,80,0,0,1470,0,589200,0,0,0,0,1552271191,0,0,0,0,0,0,480714,25000,0,0,1629200,0,1389577,942600,7200,0,32700,5200,178693967,1750026639
31-Mar-2026,MBTO,MARTINA BERTO Tbk,0,0,0,0,0,5921000,0,2382700,0,2119000,0,0,100,0,8108000,0,0,0,0,29168100,0,0,0,125000,0,0,0,0,0,0,0,0,0,37087000,2607000,0,0,0,267482100,355000000
31-Mar-2026,MCAS,M CASH INTEGRASI Tbk,946600,0,19890700,2175700,0,83268800,0,73240200,32011800,84,0,0,35200,0,304600,0,0,0,0,422814588,0,0,0,0,0,0,0,0,0,0,22839300,0,1273000,13971239,0,0,32100,0,195129389,867933300
31-Mar-2026,MCOL,PRIMA ANDALAN MANDIRI Tbk,172099,960707,0,0,0,0,0,0,62716373,73,0,0,100,0,0,0,0,0,0,138508371,0,0,143466,0,0,0,0,0,0,0,0,0,1371459,3297,2870748,0,0,13107,148800200,355560000
31-Mar-2026,MCOR,BANK CHINA CONSTRUCTION BANK INDONESIA Tbk,16734056,2392400,711285328,0,0,200000,2173600,2800000,1673485328,0,0,990300,9089100,802000,45614900,0,0,0,0,1084879493,0,0,0,22751563707,0,0,0,0,0,0,0,0,32414700,3119452764,16053400,3301200,200,203200,6241073159,35714508835
31-Mar-2026,MDIA,INTERMEDIA CAPITAL Tbk,503300,0,0,14000000,0,0,0,0,728570900,0,0,0,100,0,0,0,0,0,0,36357457300,0,0,0,0,0,0,0,0,0,0,0,0,189324100,442159000,0,0,37728000,0,1445670700,39215413400
31-Mar-2026,MDIY,DAYA INTIGUNA YASA Tbk,65750400,0,47070300,3119400,162829600,68376700,105800,925582500,43662200,900000,0,0,182127500,0,0,0,0,0,0,15223052393,0,0,0,0,0,0,0,0,0,0,0,0,139186100,34018107,207887600,0,93809500,607700,7992306200,25190392000
31-Mar-2026,MDKA,MERDEKA COPPER GOLD Tbk,380257045,4816800,16223167,70066404,440782,502734520,498801104,10981393,1351169163,1649430,119286623,130061483,107726773,965700,590149,0,0,158993517,0,12068574035,0,1229200,7393595,46008475,0,0,220000,3905,160061,0,731000,15384564,1295763102,74272885,418054743,183289582,1858585046,28779640,4146518485,23499732371
31-Mar-2026,MDKI,EMDEKI UTAMA Tbk,4996200,60,0,0,0,0,0,0,1227200,0,0,0,100,36136,2467600,0,0,0,0,73641465,0,0,0,0,0,0,0,70,0,0,0,0,7711984,58690758,0,0,0,18,297503410,446275001
31-Mar-2026,MDLA,MEDELA POTENTIA Tbk,171100,0,0,0,0,0,0,1050400000,491912700,0,4388500,0,0,1378000,0,0,0,0,20000,650376400,0,0,0,0,0,0,0,0,0,0,0,0,776132500,6157800,159500000,0,0,0,372388000,3512825000
31-Mar-2026,MDLN,MODERNLAND REALTY Tbk,2561595,0,421547110,0,257500034,985000,5400,200,19137900,120796550,0,0,825665400,6570003,0,0,0,0,0,4577672388,0,0,0,0,0,0,0,596,0,0,0,0,42649212,1956262158,39600,69000,580157,254819,4297610898,12529908020
31-Mar-2026,MDRN,MODERN INTERNASIONAL Tbk,55958771,0,473640918,2400000,0,35155353,0,100,1866009,300019,0,0,9174400,92537,0,0,0,1509450,500000,1944305227,0,0,0,0,0,0,0,4000079,0,0,0,0,163042254,31300320,0,4720000,125000,37,4173538569,6901629043
31-Mar-2026,MEDC,MEDCO ENERGI INTERNASIONAL Tbk,165468227,12386819,5399816371,78834658,0,16535300,378729473,6655712,74569500,6359089,3406920,32425475,30791337,3945100,34500,1664280,0,0,0,14510053583,5936100,2727200,1405800,18194000,730000,1250,0,7500,115680,0,15233000,0,1393754468,40601343,394701341,3322038,918826228,31936097,1502836113,25052128252
31-Mar-2026,MEDS,HETZER MEDICAL INDONESIA Tbk,1167700,0,0,0,0,0,0,0,280700,0,0,0,100,0,0,0,0,0,0,52245800,0,0,0,0,0,0,0,0,0,0,0,0,0,0,700000,0,0,0,1508105700,1562500000
31-Mar-2026,MEGA,BANK MEGA Tbk,60045,0,167,0,0,20000,0,20000,7985,1476,0,0,6844,0,0,0,0,0,0,10556411020,0,0,0,0,0,0,0,0,0,0,0,0,6151000,724079,0,0,1147385470,47,30135232,11740923365
31-Mar-2026,MEJA,HARTA DJAYA KARYA Tbk,1523300,0,0,0,0,0,0,0,6943300,0,0,0,0,0,3700000,0,0,0,0,899420300,0,0,0,0,0,0,0,0,0,0,0,0,0,8200,0,0,0,12475700,1304931242,2229002042
31-Mar-2026,MENN,MENN TEKNOLOGI INDONESIA Tbk,100,0,0,0,0,0,0,0,4447700,0,0,0,0,0,0,0,0,0,0,98030300,0,0,0,0,0,0,0,0,0,0,0,0,0,67,0,0,0,35,1331573804,1434052006
31-Mar-2026,MERI,MERRY RIANA EDUKASI Tbk,452900,0,0,0,0,0,0,0,0,0,0,0,0,0,0,0,0,0,0,123200,0,0,0,0,0,0,0,0,0,0,0,0,0,97800,0,0,0,0,234458600,235132500
31-Mar-2026,MERK,MERCK Tbk,5888300,0,0,0,0,0,0,651700,13200,60000,0,0,100,0,56711920,0,0,0,0,235900,0,0,0,0,0,0,0,0,0,0,9668900,0,0,1216100,80400,20000,0,0,38218480,112765000
31-Mar-2026,META,NUSANTARA INFRASTRUCTURE Tbk,0,0,285507,0,0,18000,0,0,325300,5030,0,0,0,100,0,0,0,0,0,17594166702,0,0,0,0,0,0,0,0,0,0,0,0,0,125440,0,0,0,0,115782115,17710708194
31-Mar-2026,MFMI,MULTIFILING MITRA INDONESIA Tbk,0,0,0,0,0,0,0,0,29400,0,0,0,200,0,0,0,0,0,0,752632700,0,0,0,0,0,0,0,0,0,0,0,0,760000,13000,0,0,0,0,4145700,757581000
31-Mar-2026,MGLV,PANCA ANUGRAH WISESA Tbk,113900,0,0,0,0,67000000,0,0,293400,0,0,0,100,0,0,0,0,0,0,1741243800,0,0,0,0,0,0,0,0,0,0,0,0,0,12673800,0,0,0,0,83558411,1904883411
31-Mar-2026,MGNA,MAGNA INVESTAMA MANDIRI Tbk,300,0,49013600,0,0,0,0,0,76817200,0,0,0,100,0,20104700,0,0,0,0,3017887523,0,0,0,0,0,0,0,0,0,0,0,0,60000000,700000,0,0,0,0,186478603,3411002026
31-Mar-2026,MGRO,MAHKOTA GROUP Tbk,2775700,0,0,0,0,0,0,176000000,9183600,0,0,0,100,0,0,0,0,0,0,2882492900,0,0,0,0,0,0,0,0,0,0,0,0,0,2482872,0,0,0,0,481510428,3554445600
31-Mar-2026,MHKI,MULTI HANNA KREASINDO Tbk,3872400,0,0,0,0,0,0,0,19509200,0,0,0,0,0,0,0,0,0,0,2951011300,0,0,0,0,0,0,0,0,0,0,0,0,0,4035000,0,0,0,0,771572100,3750000000
31-Mar-2026,MICE,MULTI INDOCITRA Tbk,50000,0,23444400,0,23444536,1367500,0,14064000,129700,22,0,0,451600,0,23444468,0,0,0,0,368017086,0,0,0,0,0,0,0,0,0,0,0,0,662500,20665118,0,0,0,0,124021560,599762490
31-Mar-2026,MIDI,MIDI UTAMA INDONESIA Tbk,31848265,2711900,0,57632500,0,311142500,44323116,21821581,266641889,67,201555300,431621258,4687000,100,0,0,0,0,0,27554225429,0,0,1581500,29143432,0,0,2156200,0,266700,0,2317700,1846400,690804931,145162141,125745148,36328800,1069241066,20325530,2382164347,33435294800
31-Mar-2026,MIKA,MITRA KELUARGA KARYASEHAT Tbk,9787916,0,0,40476786,0,30595600,86643543,3676500,21209678,17174,61007016,345103773,290100,210000,0,0,0,0,9300,11625954200,0,100,474800,26756500,0,0,308000,365300,116400,0,0,711900,574232577,1920759,290568238,11310000,491341400,12324101,272069839,13907481500
31-Mar-2026,MINA,SANURHASTA MITRA Tbk,65285500,0,100,0,1621200,0,0,1400003,11323442,153,0,0,213300,1197682,56873,146153,0,0,0,3539545518,0,0,0,0,0,0,0,88,0,0,0,0,320016343,178966,133,0,623050,165421,5901976075,9843750000
31-Mar-2026,MINE,SINAR TERANG MANDIRI Tbk,263900,0,0,0,900000,0,0,0,2028900,0,57410995,0,0,0,0,0,0,0,0,3442543100,0,0,0,0,0,0,0,0,0,0,0,0,10062105,360700,0,0,0,0,570865600,4084435300
31-Mar-2026,MIRA,MITRA INTERNATIONAL RESOURCES Tbk,2727600,0,0,0,0,0,0,0,0,100040,0,0,10100,0,0,0,0,0,0,1474745481,0,0,0,0,0,0,0,50000,0,0,0,0,150000,47343060,850000,21088888,0,496700,2413014170,3960576039
31-Mar-2026,MITI,MITRA INVESTINDO Tbk,1729005,0,0,0,0,520000,0,20000,68594500,12500,0,0,100,40,50000,0,100000,0,2900,3016164509,0,0,0,0,0,0,0,750000,0,0,1582400,0,0,786817,0,50000,0,120,660068043,3750430934
31-Mar-2026,MKAP,MULTIKARYA ASIA PASIFIK RAYA Tbk,56100,0,171964400,0,0,10000000,0,0,232300,0,0,0,0,1200,0,0,0,0,0,183480600,0,0,0,0,0,0,0,0,0,0,0,0,0,100,0,0,0,0,284265300,650000000
31-Mar-2026,MKNT,MITRA KOMUNIKASI NUSANTARA Tbk,0,0,175738200,0,0,0,0,0,0,0,0,0,100,0,0,0,0,0,0,2022952867,0,600,0,0,0,0,0,380000,0,0,0,0,415010000,400033,0,0,275587200,4600,2609921400,5499995000
31-Mar-2026,MKPI,METROPOLITAN KENTJANA Tbk,1112939,0,0,0,0,0,18100,0,0,59,0,17100,100,0,0,0,0,0,0,88479158,0,0,0,0,0,0,0,0,0,0,5548396,0,2283600,35952278,29966,10100,900000,0,24063258,158415054
31-Mar-2026,MKTR,MENTHOBI KARYATAMA RAYA Tbk,5378300,0,3360000,0,0,154500000,0,0,1066500,0,0,0,200,0,0,0,0,0,0,1738749567,0,0,0,0,0,0,0,0,0,0,0,0,0,66300,100000,0,0,100,9218417617,11121638584
31-Mar-2026,MLBI,MULTI BINTANG INDONESIA Tbk,31532100,0,20000,284600,22798300,11542500,0,8122400,4790200,293300,0,14852420,665100,677100,182000,0,0,0,0,170308000,0,0,0,1061900,0,0,0,0,0,0,399100,0,13471000,11336780,6774900,200000,10650500,114100,50421400,360497700
31-Mar-2026,MLIA,MULIA INDUSTRINDO Tbk,102705402,21163033,2000,0,0,331592500,1019500,5414500,4377280,17560,0,488700,100100,0,0,0,0,0,0,5620710510,0,0,0,0,0,0,0,190,0,0,209971100,0,65911855,1722809,43621376,18750050,170000,2500,127839065,6555580030
31-Mar-2026,MLPL,MULTIPOLAR Tbk,19848157,50,24500,0,63,3043282348,0,6113889,1616173818,20332,0,0,13325610,750000,713125,0,0,0,0,361298875,0,0,0,2550000,0,0,0,97450,0,0,0,0,155806455,41626342,318351,2799164,1600188,5095058,5367054711,10638498486
31-Mar-2026,MLPT,MULTIPOLAR TECHNOLOGY Tbk,77665,0,0,0,0,2790000,9800,0,88447000,0,0,0,100,4000,0,0,0,0,0,1748942100,0,0,0,0,0,0,0,0,0,0,31000000,0,25700,2067235,0,0,0,0,1636400,1875000000
31-Mar-2026,MMIX,MULTI MEDIKA INTERNASIONAL Tbk,301300,0,0,0,0,0,0,0,189347200,0,0,0,200,13200,0,0,0,0,0,3025774290,0,0,0,0,0,0,0,0,0,0,0,0,0,124820712,0,0,0,0,1460168478,4800425380
31-Mar-2026,MMLP,MEGA MANUNGGAL PROPERTY Tbk,1559945,0,1092607,0,0,500000,0,0,5152700,1,0,0,734100,100,0,0,0,0,0,6469272599,0,0,0,0,0,0,0,0,0,0,0,0,0,32306036,563800,0,100000,0,376852720,6888134608
31-Mar-2026,MNCN,MEDIA NUSANTARA CITRA Tbk,208117969,28536000,106149600,141586800,500,2945000,11155000,22303200,644188696,4300109,62386800,917400,3975200,8395900,85000,0,0,0,6978900,7378619596,3300,145210600,0,55000,0,0,0,0,0,0,166014923,0,2132578285,497189061,347524655,4340081,74592100,519600,3051116733,15049786008
31-Mar-2026,MOLI,MADUSARI MURNI INDAH Tbk,30746186,38,0,0,0,0,0,0,2734934,0,0,0,100,2583,0,0,0,0,0,1481264057,0,0,0,584,0,0,0,0,0,0,0,0,42163201,710901,1861,0,18450,583,408636223,1966279701
31-Mar-2026,MORA,MORA TELEMATIKA INDONESIA Tbk,6757800,0,0,0,0,1325321400,0,0,3747747000,0,0,0,12575100,0,1163453110,0,0,0,0,16195314349,0,0,0,0,0,0,0,0,0,0,0,0,62500,1175780800,0,0,122700,7500,19526432,23646668691
31-Mar-2026,MPIX,MITRA PEDAGANG INDONESIA Tbk,925100,0,0,0,0,0,0,0,0,0,0,0,0,2738000,0,0,0,0,0,200,0,0,0,0,0,0,0,0,0,0,0,0,0,1847200,0,0,0,0,482063808,487574308
31-Mar-2026,MPMX,MITRA PINASTHIKA MUSTIKA Tbk,20551278,15432741,32500,7502600,0,1820000,2626500,2058200,38582900,25023,0,45424600,875100,18500200,0,0,0,0,31800,2775869126,0,0,543800,41600,0,0,0,0,0,0,0,0,315900152,39527430,34821619,513900,15934300,435000,1049912907,4386963276
31-Mar-2026,MPOW,MEGAPOWER MAKMUR Tbk,76000,0,0,0,0,0,0,0,0,2027100,0,0,100,0,0,0,0,750000,0,52157989,0,0,0,0,0,0,0,0,0,0,0,0,0,366319914,0,0,0,100,395665850,816997053
31-Mar-2026,MPPA,MATAHARI PUTRA PRIMA Tbk,28710804,0,0,822500,0,42994238,0,706200,53181700,300002,0,0,2333610,1000000,98000,100000,0,0,5000,7133149062,0,100,0,29100,0,0,0,0,0,0,1148862825,0,141105100,35644947,4739700,5247500,63461316,10551,4303202174,12965704429
31-Mar-2026,MPRO,MAHA PROPERTI INDONESIA Tbk,5200,0,0,0,0,0,0,0,52800,61,0,0,100,0,0,0,0,0,0,2467675000,0,0,0,0,0,0,0,0,0,0,0,0,0,39,0,0,0,0,1137266800,3605000000
31-Mar-2026,MPXL,MPX LOGISTICS INTERNATIONAL Tbk,127400,0,0,0,0,0,0,0,4488400,0,0,0,0,0,0,0,0,0,20000,78112100,0,0,0,0,0,0,0,0,0,0,0,0,0,2169220,0,0,0,0,315097547,400014667
31-Mar-2026,MRAT,MUSTIKA RATU Tbk,300,0,230000,0,227200,0,0,0,1638400,0,0,0,100,0,2000,0,0,0,0,27500500,0,0,0,0,0,0,0,0,0,0,0,0,0,437500,0,0,0,0,90431100,120467100
31-Mar-2026,MREI,MASKAPAI REASURANSI INDONESIA Tbk,31894270,0,7743656,0,0,89059268,0,0,701265,4267611,0,0,115,0,0,0,0,0,0,218964147,0,0,0,0,0,0,0,86430,0,0,0,0,1808500,701451,0,13850448,77011953,34,66442276,512531424
31-Mar-2026,MSIE,MULTISARANA INTAN EDUKA Tbk,0,0,0,0,0,0,0,0,0,0,0,0,0,0,0,0,0,0,0,26370300,0,0,0,0,0,0,0,0,0,0,0,0,0,0,0,0,0,0,333637454,360007754
31-Mar-2026,MSIN,MNC DIGITAL ENTERTAINMENT Tbk,429202255,0,0,95297621,0,0,111769814,33924500,1883330422,1091,0,29808886,930,5000,0,0,0,0,866422400,16002581045,0,0,235500,0,0,0,0,856700,45,0,2304832235,0,522475554,5903063784,359453708,100810900,64245200,0,1615478115,30323795705
31-Mar-2026,MSJA,MULTI SPUNINDO JAYA Tbk,14316400,0,0,0,0,0,0,0,21154400,0,0,0,0,0,0,0,0,0,0,803611744,0,0,0,0,0,0,0,0,0,0,0,0,4673200,56384400,0,0,0,0,456212756,1356352900
31-Mar-2026,MSKY,MNC SKY VISION Tbk,2671298,0,0,0,0,23684300,0,33195800,7851272,53,0,0,820516,0,2280000,0,0,0,2631200,1432661600,0,0,0,0,0,0,0,0,0,0,0,0,31044400,29079008,0,0,0,0,428451033,1994370480
31-Mar-2026,MSTI,MASTERSYSTEM INFOTAMA Tbk,5680619,0,0,0,0,0,0,0,7164000,1300081,50000000,45386800,164000,0,0,0,0,0,0,4233000,0,0,0,2331800,0,0,0,0,0,0,0,0,126529900,1516900,12446500,4719100,48343900,832400,160767200,471416200
31-Mar-2026,MTDL,METRODATA ELECTRONICS Tbk,17063689,6985460,0,82297795,0,1194000,15033300,1526500,800110595,13014731,0,783800,3565900,0,0,0,0,0,40300,1181248728,0,0,0,0,0,0,0,3803590,0,0,4756000,0,570651310,60761242,9794730,1887100,36083110,8230,4959974895,7770585005
31-Mar-2026,MTEL,DAYAMITRA TELEKOMUNIKASI Tbk,1659381039,4461466500,0,120774200,111900,500000,188829965,0,71836042,8418,0,3540109704,2648989,511100,2294200,0,0,0,55500,9070222191,0,312500000,2014500,45262794,0,0,0,7100,5362000,0,0,4274200,1672593517,14050605,335603920,4921200,279345000,156222000,1586842816,23537749400
31-Mar-2026,MTFN,CAPITALINC INVESTMENT Tbk,408408850,0,43000500,0,115900000,0,129131900,25590750,9850000,8760,0,0,100100,2143400,12187000,0,0,0,0,11389353122,0,352012600,0,0,0,0,0,0,0,0,9927845177,0,1198760976,259208391,417578181,0,76747127,1071951,7383726192,31752624977
31-Mar-2026,MTLA,METROPOLITAN LAND Tbk,32,0,0,0,0,68329970,0,216900000,152500,875,0,0,10200,0,400,0,0,0,0,1907905693,0,0,0,0,0,0,0,10264455,0,0,0,0,120963476,708863620,0,0,374758601,28330,1376275678,4784453830
31-Mar-2026,MTMH,MURNI SADAR Tbk,1582300,0,82449300,0,0,0,0,0,78469300,0,0,0,100,0,0,0,0,0,0,97375300,0,0,0,0,0,0,0,0,0,0,0,0,0,2382600,0,0,0,0,69517450,331776350
31-Mar-2026,MTPS,META EPSI Tbk,0,0,0,0,0,0,0,0,0,0,0,0,100,175282,0,0,0,0,0,405765548,0,104794200,0,0,0,0,0,27643,0,0,0,0,150551611,6931787,104400,0,283612,26255,343664719,1012325157
31-Mar-2026,MTRA,MITRA PEMUDA Tbk,0,0,0,0,0,0,0,0,0,0,0,0,2000000,0,0,0,0,0,0,27066900,0,0,0,0,0,0,0,0,0,0,0,0,0,17874100,0,0,0,0,123029500,169970500
31-Mar-2026,MTSM,"METRO REALTY Tbk, PT",484080,0,0,0,0,0,0,0,140000,0,0,0,100100,0,0,0,0,0,0,64751224,0,0,0,0,0,0,0,0,0,0,0,0,0,616000,0,0,0,0,17331612,83423016
31-Mar-2026,MTWI,MALACCA TRUST WUWUNGAN INSURANCE Tbk,0,0,0,0,0,0,0,4166000,700,0,0,0,100,0,0,0,0,26062900,0,2562575215,0,0,0,0,0,0,0,78300,0,0,0,0,0,59612248,0,0,0,0,271991176,2924486639
31-Mar-2026,MUTU,MUTUAGUNG LESTARI Tbk,0,0,0,0,0,0,0,0,53004000,0,0,0,0,5426000,0,0,0,0,0,382633000,0,0,0,0,0,0,0,0,0,0,0,0,0,3920075,0,0,0,275,827967235,1272950585
31-Mar-2026,MYOH,SAMINDO RESOURCES Tbk,3922,0,0,0,0,37146306,1100,544188,18900,95,896300,0,20050850,0,0,0,0,0,0,269991341,0,0,0,0,0,0,1043,0,0,0,1204136359,0,233390500,11069249,0,0,4771300,0,424269797,2206291250
31-Mar-2026,MYOR,MAYORA INDAH Tbk,38859000,95500,10132455,5332275,0,19241498,48911554,4978625,47584423,122851,110313033,345056575,13149496,320800,2000,0,30000,0,1200000,291018050,0,8590300,354200,50340000,350000,1250,426800,1825,0,0,0,200,1210422055,9054844,211441952,938850,801761000,25854575,209893389,3465903125
31-Mar-2026,MYTX,ASIA PACIFIC INVESTAMA Tbk,60529000,0,0,0,378800,0,0,0,800,7500,0,0,100,0,0,5662429162,0,0,12500,1561919754,0,0,0,0,0,0,0,0,0,0,0,0,0,13903,0,0,0,0,413510079,7698801598
31-Mar-2026,NAIK,ADIWARNA ANUGERAH ABADI Tbk,56000,0,0,0,0,0,0,0,22554800,0,0,0,0,150000,0,0,0,0,0,1825030600,0,0,0,0,0,0,0,0,0,0,0,0,0,1598600,0,0,0,0,1478004080,3327394080
31-Mar-2026,NANO,NANOTECH INDONESIA GLOBAL Tbk,2089700,0,310800,0,225000000,0,0,0,2047464987,0,0,0,100,0,0,0,67585800,0,0,2017300,0,0,0,0,0,0,0,40000,0,0,0,0,0,2089550,0,150000000,0,300,1788841732,4285440269
31-Mar-2026,NASA,ANDALAN PERKASA ABADI  Tbk,4942,0,0,0,327000000,0,0,117082300,547410000,118,0,0,100,14484,0,0,0,0,0,6913488573,0,258823128,0,54800,0,0,0,0,0,0,0,0,1445466550,47859901,233876,0,52498965,40479,1294951106,11004929322
31-Mar-2026,NASI,WAHANA INTI MAKMUR Tbk,6964700,0,0,0,0,0,0,0,6471500,0,0,0,100,0,0,0,0,0,0,24245100,0,0,0,0,0,0,0,0,0,0,0,0,0,637100,0,0,0,0,201681500,240000000
31-Mar-2026,NATO,SURYA PERMATA ANDALAN Tbk,26797700,0,0,0,0,0,0,0,1121559064,0,0,0,100,0,0,0,0,0,0,6309809786,0,0,0,0,0,0,0,0,0,0,0,0,330616000,1600,31745000,0,156081050,0,24501204,8001111504
31-Mar-2026,NAYZ,HASSANA BOGA SEJAHTERA TBK,1051500,0,100,0,0,0,0,0,18399994,0,0,0,1250100,0,0,0,0,0,0,1661228700,0,0,0,0,0,0,0,0,0,0,0,0,0,1240000,0,0,0,0,866841078,2550011472
31-Mar-2026,NCKL,TRIMEGAH BANGUN PERSADA Tbk,1875087109,15566121,36049100,25449300,0,15945900,143876540,1195200,221190400,12655064,17252700,4921339,14653200,5020100,68500,0,0,0,0,6799100415,0,0,1119600,34381100,350000,0,0,6000,6456800,0,0,0,1517421515,33756824,345796373,20927500,534939700,12530600,1541441000,13237158000
31-Mar-2026,NELY,PELAYARAN NELLY DWI PUTRI Tbk,0,0,0,0,0,0,0,5276200,921600,0,0,0,100,5150000,0,0,0,0,0,2160355900,0,0,0,0,0,0,0,0,0,0,0,0,0,2413200,0,0,0,54600,175191100,2349362700
31-Mar-2026,NEST,ESTA INDONESIA Tbk,0,0,50000000,0,0,206000000,0,0,9272200,0,0,0,0,0,0,0,0,0,0,531908700,0,0,0,0,0,0,0,0,0,0,0,0,0,5990300,0,0,0,0,3309328800,4112500000
31-Mar-2026,NETV,MDTV MEDIA TECHNOLOGIES Tbk,778850,0,0,0,0,46500000,0,0,5300,0,0,0,18549100,27700,0,0,0,0,0,6990522203,0,0,0,0,0,0,0,0,0,0,0,0,9300000,164515750,0,0,0,100,1020431553,8250630556
31-Mar-2026,NFCX,NFC INDONESIA Tbk,0,0,1158300,250000,0,40590920,0,0,55100,0,0,0,100,0,3379200,0,0,0,0,514745980,0,0,0,0,0,0,0,0,0,0,0,0,4271500,4180600,0,0,2168300,0,95867500,666667500
31-Mar-2026,NICE,ADHI KARTIKO PRATAMA Tbk,109900,0,0,0,0,0,0,0,1369500,138100,0,0,0,0,20000,0,0,0,0,5835938800,0,0,0,0,0,0,0,0,0,0,0,0,0,612100,0,0,0,0,243831600,6082020000
31-Mar-2026,NICK,CHARNIC CAPITAL Tbk,0,0,0,0,0,31500000,0,0,9700,0,0,0,100,0,0,0,0,0,0,518572500,0,0,0,0,0,0,0,0,0,0,0,0,0,60802200,0,0,0,0,40265500,651150000
31-Mar-2026,NICL,PAM MINERAL Tbk,56140841,0,50000,0,0,0,50879000,200000,3294400,34002,0,163800,2106900,0,0,0,0,18121300,0,224459200,0,0,0,0,0,0,0,0,0,0,0,0,12288200,24418857,12742700,552900,1840500,2800,2565849507,2973144907
31-Mar-2026,NIKL,PELAT TIMAH NUSANTARA Tbk,300,0,0,0,0,0,35072000,0,2638600,0,0,0,100,0,2400,0,0,0,0,1393725688,30000,260943400,0,0,0,0,0,0,0,0,0,0,94610836,100776,0,0,2030000,0,227099750,2016253850
31-Mar-2026,NINE,TECHNO9 INDONESIA Tbk,1010000,0,0,0,0,0,0,0,788470831,0,0,0,100,0,0,0,0,0,0,2834334,0,0,0,0,0,0,0,1000000,0,0,0,0,0,204000,0,0,0,200,1363480535,2157000000
31-Mar-2026,NIRO,CITY RETAIL DEVELOPMENTS Tbk,1758580,7747200,0,0,0,15500000,0,127300000,1867700,68,0,2031800,100,0,0,0,0,0,0,17067642700,0,0,0,0,0,0,0,0,0,0,0,0,2421783900,64892912,0,0,2235661400,0,252685444,22198871804
31-Mar-2026,NISP,BANK OCBC NISP Tbk,52980769,3063400,1210200,2436100,0,6060000,20077600,1500000,19538889336,713,0,584800,5458082,39700,176318200,0,0,0,2000,990676801,0,0,395100,0,0,0,0,0,0,0,14779000,0,462103097,45107381,21746665,1743974,32555600,0,1327964269,22705692787
31-Mar-2026,NOBU,BANK NATIONALNOBU Tbk,12372336,0,100,0,1560467012,21532844,0,0,16386800,41,0,0,100,0,0,0,0,0,0,1892862221,0,0,0,0,0,0,0,0,0,0,0,0,200000,544094420,0,0,2991377559,15,364366012,7403659460
31-Mar-2026,NPGF,NUSA PALAPA GEMILANG Tbk,196900,0,0,0,0,0,0,0,15604024,0,0,0,100,0,6913100,0,0,0,0,2593697116,0,0,0,0,0,0,0,0,0,0,0,0,0,200,0,0,0,0,623824400,3240235840
31-Mar-2026,NRCA,NUSA RAYA CIPTA Tbk,25604400,0,0,0,0,2175000,0,350000,19077800,20,0,0,11900,1712500,0,0,0,0,0,1823868568,0,0,0,0,0,0,0,0,0,0,0,0,1846500,7850380,711200,0,0,98500,598281576,2481588344
31-Mar-2026,NSSS,NUSANTARA SAWIT SEJAHTERA Tbk,22490200,1503900,0,0,0,0,0,0,9599100,0,0,1115500,100,0,46200,0,30000,0,0,15228931150,0,0,485000,0,0,2500,0,0,0,0,605129511,0,97898300,1140136150,7031900,921100,75480000,0,6610520534,23801568645
31-Mar-2026,NTBK,NUSATAMA BERKAH Tbk,1661500,0,0,0,0,0,0,0,15840000,1400000000,0,0,100,0,0,0,0,0,0,4068500,100,0,0,0,0,0,0,0,0,0,0,0,0,203050,0,0,0,0,1278291627,2700064877
31-Mar-2026,NUSA,SINERGI MEGAH INTERNUSA Tbk,202847607,2927061900,56903850,0,0,0,0,112278466,4718200,0,0,0,2500,94893,0,0,0,0,0,274310543,0,328112490,0,0,0,0,0,0,0,0,0,0,767099603,450193749,4967234,0,13701012,210,2168107891,7310400148
31-Mar-2026,NZIA,NUSANTARA ALMAZIA Tbk,2240500,0,0,0,1000,0,0,0,579600,0,0,0,100,865,0,0,0,0,0,283526957,0,0,0,0,0,0,0,0,0,0,0,0,1475650,8311,112500,0,19791,2433,173572998,461540705
31-Mar-2026,OASA,MAHARAKSA BIRU ENERGI Tbk,27011200,0,332804000,0,0,70506397,0,0,48731800,0,0,0,100,217900,30333645,0,0,0,0,1212144066,0,0,0,0,0,0,0,0,0,0,64060000,0,0,382710030,0,0,0,0,4178700862,6347220000
31-Mar-2026,OBAT,BRIGIT BIOFARMAKA TEKNOLOGI Tbk,0,0,0,0,0,0,0,0,711100,0,0,0,0,100,0,0,0,0,0,22205900,2800,0,0,0,0,0,0,0,0,0,0,0,0,1898200,0,0,0,0,225558475,250376575
31-Mar-2026,OBMD,OBM DRILCHEM Tbk,0,0,0,0,0,0,0,0,1728000,0,0,0,100,1042000,0,0,0,0,0,15308900,0,0,0,0,0,0,0,500,0,0,0,0,0,16500,0,0,0,0,376296931,394392931
31-Mar-2026,OCAP,ONIX CAPITAL Tbk,0,10000,0,0,0,0,0,0,15940100,0,0,0,0,0,0,0,0,0,0,0,0,0,0,0,0,0,0,0,0,0,0,0,0,122948000,0,0,0,0,133825800,272723900
31-Mar-2026,OILS,INDO OIL PERKASA Tbk,596400,0,0,0,0,0,0,0,0,0,0,0,100,0,0,0,0,0,0,6743400,0,0,0,0,0,0,0,0,0,0,0,0,0,1296325,0,0,0,0,161282938,169919163
31-Mar-2026,OKAS,ANCORA INDONESIA RESOURCES Tbk,70534171,0,0,0,0,3400000,0,0,11070400,0,0,0,100,0,1696800,0,0,0,0,1202769649,0,0,0,0,0,0,0,0,0,0,0,0,0,2235610,0,0,0,0,474221047,1765927777
31-Mar-2026,OLIV,OSCAR MITRA SUKSES SEJAHTERA Tbk,0,0,0,0,0,0,0,0,0,0,0,0,100,0,0,0,0,0,0,1359764812,0,0,0,0,0,0,0,0,0,0,0,0,0,0,0,0,0,0,540308402,1900073314
31-Mar-2026,OMED,JAYAMAS MEDICA INDUSTRI Tbk,5393400,0,0,0,0,1350000000,0,0,460073400,23,0,0,100,0,0,0,0,0,0,806021900,0,0,0,0,0,0,0,0,928258000,0,0,0,12121200,1381880,10469197,0,0,0,485130900,4058850000
31-Mar-2026,OMRE,INDONESIA PRIMA PROPERTY Tbk,10095,0,0,0,1295522972,16694000,0,0,37550000,0,0,0,100,0,0,0,0,0,0,1579354150,0,0,0,0,0,0,0,0,0,0,0,0,0,7100,0,0,0,0,5762286,2934900703
31-Mar-2026,OPMS,OPTIMA PRIMA METAL SINERGI Tbk,52200,0,0,0,600,0,0,0,398200,0,0,0,100,0,0,0,0,0,0,184092400,0,0,0,0,0,0,0,0,0,0,0,0,0,126100,0,0,0,0,215330400,400000000
31-Mar-2026,PACK,ABADI NUSANTARA HIJAU INVESTAMA Tbk,328771100,0,100,0,0,0,0,0,793100,68,0,0,78301600,180000,26000,0,0,0,0,7513877947,0,0,0,0,0,0,0,0,0,0,0,0,0,150446432,0,0,0,1080,7384967447,15457364874
31-Mar-2026,PADA,PERSONEL ALIH DAYA Tbk,10434400,0,156700,0,0,0,0,0,32561400,0,0,0,100,6903100,0,0,0,0,0,1757596000,0,0,0,0,0,0,0,197997800,0,0,0,0,0,1551200,0,0,0,372300,1142427000,3150000000
31-Mar-2026,PADI,MINNA PADI INVESTAMA SEKURITAS Tbk,23699700,20,13268334,0,7800,5000000,0,700,21604200,80,0,0,334100,7368092,0,0,0,0,21800,754775567,0,0,0,0,0,0,0,35,0,0,0,0,426353324,55825765,81,0,796564,27530020,9887405642,11223991824
31-Mar-2026,PALM,PROVIDENT INVESTASI BERSAMA Tbk,95742,0,0,0,1638600,500000,0,3335300,4254551,0,0,0,76100,389200,0,0,0,0,0,9471134731,0,0,0,0,0,0,0,0,0,0,0,0,0,510125,0,0,0,0,6250940109,15732874458
31-Mar-2026,PAMG,BIMA SAKTI PERTIWI Tbk,227500,0,0,0,0,0,0,0,12210900,0,0,0,100,0,0,0,0,0,0,50464600,0,600,0,0,0,0,0,0,0,0,0,0,0,600000,0,0,0,0,2961496300,3025000000
31-Mar-2026,PANI,PANTAI INDAH KAPUK DUA Tbk,4089064,0,886953504,0,0,458341317,4791411,178490800,21410770,83,0,21783891,445841536,70500,267967,0,0,0,0,262650415,0,0,71500,1311525,0,0,0,9200,0,0,0,3500,27412742,38583883,630601,47048,19992172,47265,571817245,2944617939
31-Mar-2026,PANR,PANORAMA SENTRAWISATA Tbk,1747111,0,0,0,0,0,0,0,1748282,0,0,0,100,0,0,0,0,0,5000,927454432,0,0,0,0,0,0,0,0,0,0,0,0,5981300,1103303,0,0,0,0,449460472,1387500000
31-Mar-2026,PANS,PANIN SEKURITAS Tbk,51668000,0,216000000,51000,1100,32900,0,1372300,759400,0,0,0,100,0,600,0,0,0,2900,20650550,0,0,0,0,0,0,0,0,0,0,0,0,25534560,9912824,0,0,0,0,236413766,562400000
31-Mar-2026,PART,CIPTA PERDANA LANCAR Tbk,4366700,0,0,0,0,0,0,0,52389500,0,0,0,0,0,0,0,0,0,0,200807700,0,0,0,0,0,0,0,0,0,0,0,0,0,1363700,0,0,0,0,513079119,772006719
31-Mar-2026,PBID,PANCA BUDI IDAMAN Tbk,3017852,0,468400,0,0,0,0,549500,624900,0,0,0,405400,0,0,0,0,0,0,5605225048,0,0,0,0,0,0,0,548600,0,0,0,0,95600,2314400,928000,0,0,256400,1885565900,7500000000
31-Mar-2026,PBRX,PAN BROTHERS Tbk,38370508,0,0,0,0,760310555,0,0,512542801,90,0,0,17600,88381,0,0,0,0,0,11843409239,0,100000,0,15100,0,0,0,8,0,0,0,0,245674367,33729915,44400,0,103911,11333,8030878038,21465296246
31-Mar-2026,PBSA,PARAMITA BANGUN SARANA Tbk,26116900,0,0,0,0,133200900,0,0,798000,0,0,0,100,2200000,0,0,0,0,0,2572771500,0,0,0,0,0,0,0,0,0,0,0,0,990100,56452600,0,0,0,0,207469900,3000000000
31-Mar-2026,PCAR,PRIMA CAKRAWALA ABADI Tbk,932100,57,58333000,0,0,0,37191500,138900,0,0,0,0,100,0,0,0,0,0,0,98631601,0,305535018,0,0,0,0,0,0,0,0,0,0,220305974,3886114,9761099,0,0,64255,431886982,1166666700
31-Mar-2026,PDES,DESTINASI TIRTA NUSANTARA Tbk,0,0,0,0,0,0,0,0,22727700,0,0,0,100,0,0,0,0,0,0,625304400,0,0,0,0,0,0,0,0,0,0,0,0,0,0,0,0,0,0,66967800,715000000
31-Mar-2026,PDPP,PRIMADAYA PLASTISINDO Tbk,625675,0,193200,0,90,0,0,0,248400,0,0,0,122,0,0,0,0,0,0,76119178,0,0,0,0,0,0,0,0,0,0,0,0,0,7430,0,0,0,176,2984147167,3061341438
31-Mar-2026,PEGE,PANCA GLOBAL KAPITAL Tbk,1796600,0,1198224900,0,0,0,0,0,17551200,0,0,0,100,0,0,0,0,0,0,345929200,0,0,0,0,0,0,0,0,0,0,0,0,1079400,602700,0,0,0,0,1268232906,2833417006
31-Mar-2026,PEHA,PHAPROS Tbk,733700,0,0,0,0,252600,0,0,125000,0,0,0,100,0,0,0,0,0,0,3700,0,476901860,0,0,0,0,0,371100,0,0,0,0,0,288900,0,0,0,100,339495040,818172100
31-Mar-2026,PEVE,PENTA VALENT Tbk,1472200,0,0,0,0,0,0,0,150500,0,0,0,100,0,108850000,0,0,0,0,812839500,0,0,0,0,0,0,0,0,0,0,65100,0,26529800,16000100,0,0,0,0,87217700,1053125000
31-Mar-2026,PGAS,PERUSAHAAN GAS NEGARA (PERSERO) Tbk,163263488,191807003,130869181,239316287,624000,48652500,867604222,14286275,179649572,642808,114873100,114770008,25890215,16274200,10939428,112800,0,0,1200,505971412,0,198898400,68651941,12374500,0,0,45000,50100,28186400,0,51429430,53600,2179866057,568767518,1075636668,46184290,1666705348,133370323,1776570666,10432337940
31-Mar-2026,PGEO,PERTAMINA GEOTHERMAL ENERGY Tbk,15240866,0,1147600,7147699,0,28241500,229952201,420427,7085500,139,0,35970800,35844700,2046300,35000,0,0,0,124600,8388613100,0,21800000,0,83640900,0,0,0,313500,0,0,16500,0,298154960,85767036,32177494,46595500,202301982,8109900,1254925707,10785673911
31-Mar-2026,PGJO,BAHTERA BUMI RAYA Tbk,0,0,0,0,0,0,0,0,1103100,0,0,0,100,0,0,0,0,0,0,657152350,0,0,0,0,0,0,0,0,0,0,0,0,0,123040,0,0,0,0,137480505,795859095
31-Mar-2026,PGLI,PEMBANGUNAN GRAHA LESTARI INDAH Tbk,300,0,0,0,0,0,0,0,228500000,0,0,0,100,12837800,48000,0,0,0,158700,8217713,0,0,0,0,0,0,0,0,0,0,0,0,0,4714500,0,0,0,0,233522887,488000000
31-Mar-2026,PGUN,PRADIKSI GUNATAMA Tbk,0,0,0,0,0,0,0,0,47900,0,0,0,100,0,5000,0,0,0,0,1268852250,0,0,0,0,0,0,0,0,0,0,0,0,0,0,0,0,0,0,71657250,1340562500
31-Mar-2026,PICO,PELANGI INDAH CANINDO Tbk,700,0,182093745,0,0,0,0,0,94,0,0,0,100,0,0,0,0,0,0,211093164,0,0,0,0,0,0,0,6000,0,0,0,0,879500,5549000,0,0,0,0,162701197,562323500
31-Mar-2026,PIPA,MULTI MAKMUR LEMINDO Tbk,7679700,0,0,0,0,0,0,0,1750360300,0,0,0,0,0,0,0,0,0,0,6654500,0,0,0,0,0,0,0,0,0,0,0,0,0,9852450,0,0,0,0,1651550240,3426097190
31-Mar-2026,PJAA,PEMBANGUNAN JAYA ANCOL Tbk,7508200,0,0,0,0,7843500,0,2819100,396200,2104000,0,0,100,22532,0,0,0,0,0,6127786,0,100000,0,0,0,0,42300,59,0,0,0,0,5112585,5554489,0,0,0,175,122368974,160000000
31-Mar-2026,PJHB,PELAYARAN JAYA HIDUP BARU Tbk,2010000,0,0,0,0,0,0,0,1250700,0,0,0,0,1000,0,0,0,0,0,217300,0,0,0,0,0,0,0,0,0,0,0,0,0,252100,0,0,0,100,476268800,480000000
31-Mar-2026,PKPK,PARAGON KARYA PERKASA Tbk,886200,0,0,0,0,0,0,4862400,1437800,0,0,0,100,238800,960000,0,0,0,0,928509818,0,0,0,0,0,0,0,0,0,0,0,0,1500000,836700,0,0,0,0,260768182,1200000000
31-Mar-2026,PLAN,PLANET PROPERINDO JAYA Tbk,0,0,0,0,0,0,0,0,0,0,0,0,100,0,0,0,0,0,0,1971200,0,0,0,0,0,0,0,0,0,0,0,0,0,18000,0,0,0,200500,269519796,271709596
31-Mar-2026,PLAS,POLARIS INVESTAMA TBK,125223300,35062335,7127628,0,0,0,0,75199539,4325955,6824,0,0,140,0,0,0,0,0,0,79512441,0,1387894,0,0,0,0,0,0,0,0,6093000,0,139486169,18837171,0,50000000,50442321,0,203972383,796677100
31-Mar-2026,PLIN,PLAZA INDONESIA REALTY Tbk,0,0,0,0,200,1670200,0,7700,0,0,0,0,100,0,3443937100,0,0,0,0,12590100,0,0,0,0,0,0,0,0,0,0,0,0,341300,6751605,0,74900,35073700,0,29041095,3529488000
31-Mar-2026,PMJS,PUTRA MANDIRI JEMBAR Tbk,4175900,0,0,0,0,245800,0,0,234400,0,0,0,100100,0,0,0,0,0,0,5266654000,0,0,0,0,0,0,0,0,0,0,0,0,0,5400,0,0,286114000,0,351088400,5908618000
31-Mar-2026,PMMP,PANCA MITRA MULTIPERDANA Tbk,2632900,0,0,0,0,0,0,0,200,0,0,0,100,150064,580000,0,0,0,0,1111256200,0,0,0,0,0,0,0,0,0,0,0,0,0,900,0,0,0,0,1473679636,2588300000
31-Mar-2026,PMUI,PRIMA MULTI USAHA INDONESIA Tbk,9000,0,0,0,0,0,0,0,5236500,0,0,0,0,0,0,0,0,0,0,151399900,0,0,0,0,0,0,0,0,0,0,0,0,0,74392500,0,0,0,100,928962000,1160000000
31-Mar-2026,PNBN,BANK PAN INDONESIA Tbk,158773098,4276600,123508000,1372707,3200,19135700,28241569,9097091,4200,1404,0,716800,9154345,1460000,2600,0,0,0,0,10413215292,0,0,351000,424596,900000,0,500000,74,0,0,76665581,0,459708486,249934142,162602278,1029850,106944409,363148,1354727074,13183113244
31-Mar-2026,PNBS,BANK PANIN DUBAI SYARIAH Tbk,12772322652,0,100,0,0,38355000,0,26,21496300,0,0,0,286200,250000,1228800,0,0,0,0,48281300,200,200,0,0,0,0,0,216500,0,0,0,0,74,35881797,4515200,0,31091100,501485,2751869923,15706296857
31-Mar-2026,PNGO,PINAGO UTAMA Tbk,300,0,0,0,0,0,0,0,18200,0,0,0,100,0,0,0,0,0,0,0,0,0,0,0,0,0,0,0,0,0,0,0,0,0,0,0,0,0,781231400,781250000
31-Mar-2026,PNIN,PANINVEST Tbk,10722180,3843411,122856016,509618,0,24342500,2532600,30087200,1271100,276222,0,0,7484900,130000,217500,0,0,0,0,96128240,0,0,505553,0,0,0,0,0,0,0,123298244,0,25861868,58415798,252309174,135400,0,18036860,934922228,1713886612
31-Mar-2026,PNLF,PANIN FINANCIAL Tbk,118106351,19051000,18815700,4342300,0,33354000,56232179,1078300,13225624,88266,9566500,421310600,23143431,3233800,6409800,0,0,0,80000,5297709650,0,0,0,29693100,0,0,0,20000,0,0,1091500,0,1564049698,675681641,172832724,4215100,375143900,12270264,6357077385,15217822813
31-Mar-2026,PNSE,PUDJIADI AND SONS Tbk,89990,0,199707551,0,0,0,0,1013520,10400,0,0,0,100,0,0,0,0,0,0,446100849,0,0,0,0,0,0,0,0,0,0,0,0,0,4356109,0,0,0,0,143466981,794745500
31-Mar-2026,POLA,POOL ADVISTA FINANCE Tbk,861900,0,0,0,0,0,18643000,0,0,0,0,0,100,0,0,0,0,0,0,2625386834,0,257113382,0,0,0,0,0,3324500,0,0,0,0,113824723,103,59,0,0,97049,331823949,3351075599
31-Mar-2026,POLI,POLLUX HOTELS GROUP Tbk,0,0,0,0,0,78699100,0,0,44700,0,0,0,100,0,0,0,0,0,0,781412000,0,0,0,0,0,0,0,0,0,0,0,0,0,0,0,0,0,0,1149370500,2009526400
31-Mar-2026,POLL,POLLUX PROPERTIES INDONESIA Tbk,73230,0,0,0,0,868460900,44400,530000,0,101,0,0,1200,0,0,0,0,0,0,7316170600,0,0,0,0,0,0,0,0,0,0,0,0,0,3410769,0,0,0,0,59132400,8247823600
31-Mar-2026,POLU,GOLDEN FLOWER Tbk,200,0,0,0,0,0,0,0,1000,0,0,0,100,0,0,0,0,0,0,748647100,0,0,0,0,0,0,0,0,0,0,0,0,0,6300,0,0,0,0,1305300,749960000
31-Mar-2026,POLY,ASIA PACIFIC FIBERS Tbk,9094502,0,70065224,0,0,12030784,0,0,21750,290,0,0,708600,0,0,0,0,0,10000,1498550987,0,100,0,0,0,0,0,143000,0,0,50000,0,0,3050181,23010200,6003000,18,100000,621269041,2244107677
31-Mar-2026,POOL,POOL ADVISTA INDONESIA Tbk,553000,625918824,0,5252900,0,0,61548700,6578546,3467300,0,0,159000,3200,256100,0,0,0,0,0,189873640,0,175227234,0,0,0,0,0,12650200,28500,0,0,0,135219218,83705921,17073769,0,114646509,1035284,885870875,2319068720
31-Mar-2026,PORT,NUSANTARA PELABUHAN HANDAL Tbk,2200,0,0,140134300,0,2150000,0,32200,62300,0,0,0,100,529000,2381530785,0,0,0,0,140857700,0,0,0,0,0,0,0,0,0,0,0,0,0,140275000,0,0,0,0,8368400,2813941985
31-Mar-2026,POSA,BLISS PROPERTI INDONESIA Tbk,166948823,82101200,0,0,0,0,0,0,0,0,0,0,500000,0,200,0,0,0,0,3055876834,0,109824393,0,0,0,0,0,500000,0,0,0,0,535999629,997651900,1662647,0,0,100000,798834580,5750000206
31-Mar-2026,POWR,CIKARANG LISTRINDO Tbk,95879917,0,0,5002900,0,4000000,7577367,4437000,12554700,0,0,1309500,23608900,703600,594300,0,0,0,0,14110484520,0,0,0,0,0,0,0,0,0,0,0,0,625984606,84425876,22972711,238900,45017900,50113267,992250036,16087156000
31-Mar-2026,PPGL,PRIMA GLOBALINDO LOGISTIK Tbk,500,0,0,0,0,0,0,0,0,0,0,0,100,500000,0,0,0,0,0,1723600,0,0,0,0,0,0,0,0,0,0,0,0,0,0,0,0,0,0,768453820,770678020
31-Mar-2026,PPRE,PP PRESISI Tbk,33244800,0,3174300,0,27563400,0,0,200000,29155000,143400,0,0,35492694,11328663,6441300,0,0,0,0,41710446,0,241011300,0,23600000,0,0,0,448582765,0,0,0,0,282386559,8577046,26564096,0,34414300,156259866,941371065,2351221000
31-Mar-2026,PPRI,PAPEROCKS INDONESIA Tbk,400,0,0,0,0,0,0,0,6788200,0,0,0,0,0,0,0,0,0,0,933000,0,0,0,0,0,0,0,0,0,0,0,0,0,341100,0,0,0,40,1066964548,1075027288
31-Mar-2026,PPRO,PP Properti Tbk,1943545,0,0,0,0,99000000,0,2723300,10300,102,0,0,10000100,70300,86,0,0,0,0,125155429,31957,3346819599,0,6980400,0,0,0,51073720,0,0,0,0,169754479,672283254,260317038,0,5476094907,87768800,11262357447,21572384763
31-Mar-2026,PRAY,FAMON AWAL BROS SEDAYA Tbk,181700,0,0,0,0,50000,0,0,658887333,0,0,0,100,0,0,390863824,0,0,0,6212871676,0,0,0,0,0,0,0,0,0,0,0,0,0,0,0,0,0,0,209352400,7472207033
31-Mar-2026,PRDA,PRODIA WIDYAHUSADA Tbk,15072900,0,0,311400,2000,30170900,26100,2270400,2780900,30400,9334880,24700,170100,0,0,0,0,0,0,135394200,0,0,0,0,0,0,0,0,0,0,0,5747760,99243300,9552834,700800,0,10558301,0,53608125,375000000
31-Mar-2026,PRIM,ROYAL PRIMA Tbk,26634200,0,0,0,0,0,0,0,9089800,0,0,0,100,10228,0,0,0,0,0,19302907,0,0,0,0,0,0,0,0,0,0,0,0,23442593,801401,0,0,62061,80,1122011535,1201354905
31-Mar-2026,PSAB,J RESOURCES ASIA PASIFIK Tbk,7033270,13336300,1355500,1311100,0,1750000,81042500,939000,763400971,38,0,4768100,592100,1139900,1075300,0,0,0,325400,61914058,0,200,6069500,0,0,0,0,120000,0,0,735600,0,85098700,7387113,58744900,0,7500,0,25361852950,26460000000
31-Mar-2026,PSAT,PANCARAN SAMUDERA TRANSPORT Tbk,2182500,0,0,0,0,0,0,0,107300,0,0,0,0,0,0,0,0,0,0,117837700,0,0,0,0,0,0,0,0,0,0,0,0,0,17200,0,0,0,0,102208300,222353000
31-Mar-2026,PSDN,PRASIDHA ANEKA NIAGA Tbk,86200,0,0,0,0,0,0,0,1300300,0,0,0,100,0,0,0,0,0,0,10221600,0,0,0,0,0,0,0,0,0,0,0,0,0,1181847,0,215000,0,0,164688118,177693165
31-Mar-2026,PSGO,PALMA SERASIH Tbk,298831700,0,0,0,0,662933333,0,0,0,0,0,0,100,0,0,0,0,0,0,484695600,0,0,0,0,0,0,0,0,0,0,0,0,0,184596667,0,0,0,0,1218942600,2850000000
31-Mar-2026,PSKT,RED PLANET INDONESIA Tbk,5134400,0,107103300,0,0,400000,0,1325000,796643200,0,0,0,100100,4070000,10400000,0,0,0,0,5414954448,0,100,0,0,0,0,0,0,0,0,0,0,72444500,9130550,0,0,0,0,3920842038,10342547636
31-Mar-2026,PSSI,IMC PELITA LOGISTIK Tbk,427506,644747,240207500,0,0,1650783,0,5545600,0,47,0,0,105100,880900,0,0,0,0,0,5046993699,0,0,0,0,0,0,549345,0,0,0,0,0,6760987,224396,3102889,462700,0,0,109506954,5417063153
31-Mar-2026,PTBA,BUKIT ASAM (PERSERO) Tbk,126796067,8052019,4189300,34723350,0,31342500,441971609,4209561,50155901,156821,66616100,15885354,6812098,7188709,2112200,0,0,0,500,128192946,0,216812300,529100,15968700,0,0,0,369200,87200,0,86099872,1298900,522422759,89763867,237447610,1526700,381787900,12082300,1391315307,3885916750
31-Mar-2026,PTDU,DJASA UBERSAKTI Tbk,318700,0,0,0,0,0,0,0,10,0,0,0,100,0,475000000,0,0,0,0,200181,0,0,0,0,0,0,0,0,0,0,0,0,0,0,0,0,0,2600,399478409,875000000
31-Mar-2026,PTIS,INDO STRAITS Tbk,0,0,5000000,0,0,0,0,528400,0,60000,0,0,549700,0,0,0,0,0,0,7544500,0,0,0,0,0,0,0,0,0,0,0,0,0,22855200,0,0,12675100,0,50787100,100000000
31-Mar-2026,PTMP,MITRA PACK Tbk,100,0,18000000,0,0,0,0,0,10426100,0,0,0,100,0,0,0,0,0,0,158532700,0,0,0,0,0,0,0,0,0,0,0,0,0,11277500,0,0,0,0,672839500,871076000
31-Mar-2026,PTMR,MASTER PRINT Tbk,182800,0,1663500,0,0,0,0,0,228700,0,0,0,0,15563400,0,0,0,0,0,230733300,0,0,0,0,0,0,0,0,0,0,0,0,0,100000,0,0,0,0,186528300,435000000
31-Mar-2026,PTPP,PP (PERSERO) Tbk,17765527,4796300,1594200,0,0,5041600,18447900,0,15189164,140106,0,0,649600,2850000,4500,0,0,0,0,260485322,0,99210100,0,6683901,0,0,0,2070792,0,0,241400,38200,60165166,112553864,51222550,1150684,312336477,17308871,2048003294,3037949518
31-Mar-2026,PTPS,PULAU SUBUR Tbk,2000,0,0,0,0,0,0,0,5410100,0,0,0,0,0,0,0,0,0,0,1540900,0,0,0,0,0,0,0,0,0,0,0,0,11417400,0,0,0,0,0,431644456,450014856
31-Mar-2026,PTPW,PRATAMA WIDYA Tbk,0,0,0,0,0,0,0,0,1400,0,0,0,100,0,139993200,32132500,0,0,0,0,0,0,0,0,0,0,0,0,0,0,0,0,0,0,0,0,0,0,3510300,175637500
31-Mar-2026,PTRO,PETROSEA Tbk,37220455,0,3198600,20231600,300000,89530900,75077844,21882100,56785478,80,1115200,10809502,70916305,9000,4612700,0,0,0,81000,8148842445,0,0,248100,0,0,1000,0,7200,89300,0,0,0,62211165,349576884,25827057,13157900,8395865,320300,993429020,9993976000
31-Mar-2026,PTSN,SAT NUSAPERSADA Tbk,6207700,0,0,0,0,0,0,0,778800,0,0,0,350100,0,0,0,0,0,0,1323848300,0,0,0,0,0,0,0,0,0,0,3000000,0,0,7107000,275800,0,0,0,3972776300,5314344000
31-Mar-2026,PTSP,PIONEERINDO GOURMET INTERNATIONAL Tbk,10735780,0,0,0,0,69687954,0,0,9000,69500,0,0,2300,0,0,0,0,0,0,103643566,0,0,0,0,0,0,0,0,0,0,0,0,0,25600,0,31214900,1524100,0,3675900,220588600
31-Mar-2026,PUDP,PUDJIADI PRESTIGE Tbk,1882,0,3000,0,0,2996000,0,0,1480300,5040,0,0,200,0,0,0,0,0,23540,304365418,0,0,0,0,0,0,0,0,0,0,0,0,0,4074158,0,0,432394,0,341517634,654899566
31-Mar-2026,PURA,PUTRA RAJAWALI KENCANA Tbk,0,0,818085900,0,0,0,0,0,0,1000,0,0,290159200,0,0,0,0,0,0,1897174280,0,0,0,0,0,0,0,0,0,0,0,0,0,2801900,0,0,0,10066,3293698556,6301930902
31-Mar-2026,PURE,TRINITAN METALS AND MINERALS Tbk,0,3747800,0,0,50000,0,0,0,1100,0,0,0,30000,0,115000,900000,0,0,0,375865730,0,0,0,0,0,0,0,0,0,0,0,0,0,149693127,650000,0,485600,401500,831309448,1363249305
31-Mar-2026,PURI,PURI GLOBAL SUKSES Tbk,400,0,0,0,0,0,0,0,4813400,0,0,0,623500,0,463200,0,0,0,0,0,0,0,0,0,0,0,0,0,0,0,0,0,0,235800,0,0,0,0,193863700,200000000
31-Mar-2026,PWON,PAKUWON JATI Tbk,259633892,16426700,80100,187639856,0,176416455,633301653,215493811,693404630,2065927,962949385,376876645,3464500,544400,2062800,0,0,0,15023000,33203844457,1000,200,0,58390800,706800,0,1212000,0,306100,0,43974900,16253411,5837691963,59232877,1655950884,6403000,678776749,43016200,2862247041,48013392136
31-Mar-2026,PYFA,PYRIDAM FARMA Tbk,359268871,0,7196080948,0,26218920,4150000,0,15500,1212033,0,0,0,113300,480000,10890500,0,0,0,0,218199240,0,0,0,0,0,7500,0,50000,0,0,0,0,127244200,356109539,14338600,0,572628500,0,2348883806,11236633957
31-Mar-2026,PZZA,SARIMELATI KENCANA Tbk,9842708,0,0,10200400,0,27541400,0,3675400,314397200,74481,0,0,381600,0,211625400,0,0,0,0,1976904750,0,0,0,0,0,0,340700,0,0,0,0,0,4952300,141400761,0,0,760600,1274000,318503300,3021875000
31-Mar-2026,RAAM,TRIPAR MULTIVSION PLUS Tbk,4500600,0,0,0,0,186821200,0,0,408590300,0,0,0,118694200,3462000,0,0,0,0,0,678930900,0,0,0,0,0,0,0,6500000,0,0,0,0,48103300,186974418,0,89500000,0,0,5081543082,6813620000
31-Mar-2026,RAFI,SARI KREASI BOGA Tbk,12100000,0,0,0,0,0,0,0,0,0,0,0,100,3050000,0,0,0,0,0,701400,0,0,0,0,0,0,0,0,0,0,0,0,0,51,0,0,0,0,1912288924,1928140475
31-Mar-2026,RAJA,RUKUN RAHARJA Tbk,7342100,244800,10039400,9914100,0,2071600,10409771,1290000,21005800,0,0,44042411,9900,461300,175000,0,0,0,11300,2175988604,0,0,0,3737200,0,0,0,220000,0,0,100,0,56981000,12959894,16286624,230300,21215600,382200,1832062996,4227082000
31-Mar-2026,RALS,RAMAYANA LESTARI SENTOSA Tbk,21738135,3570400,0,2746100,20000,480000,547700,5988300,146651780,33695,66391600,2841020,495700,673700,0,0,0,0,0,1352173883,0,0,0,435000,0,0,0,0,0,0,0,0,66748198,14975936,58970222,2777000,14053800,32263125,1076365966,2870941260
31-Mar-2026,RANC,SUPRA BOGA LESTARI Tbk,181400,0,0,0,0,100000,0,0,128700,0,0,0,30100,0,0,0,0,0,0,1497290725,0,0,0,0,0,0,0,0,0,0,0,0,0,130100,0,0,0,0,66626475,1564487500
31-Mar-2026,RATU,RAHARJA ENERGI CEPU Tbk,7180400,0,1500,6026722,0,9378800,4809667,1420000,2851000,107,776500,2667633,23600154,133600,192200,0,0,0,1000,2230207138,0,0,0,0,0,0,0,70000,23200,0,0,0,27534374,45613769,13645436,0,1121700,733400,336965500,2714953800
31-Mar-2026,RBMS,RISTIA BINTANG MAHKOTASEJATI Tbk,0,0,5000,0,0,0,0,0,0,10000,0,0,100,7528,0,0,0,0,12400,192390819,0,123896700,0,0,0,0,0,0,0,0,0,0,141984745,38244,446200,0,451641,65075,2195309874,2654618326
31-Mar-2026,RCCC,UTAMA RADAR CAHAYA Tbk,0,0,0,0,0,0,0,0,0,0,0,0,105,0,0,0,0,0,0,613620550,0,0,0,0,0,0,0,0,0,0,0,0,0,85,0,0,0,75,173879185,787500000
31-Mar-2026,RDTX,RODA VIVATEX Tbk,2864,0,500,0,0,0,0,100,4600,200,0,0,100,32100,0,0,0,0,0,484412,0,180,0,0,0,0,0,0,0,0,0,0,133800,1750,0,0,17900,0,267828742,268507248
31-Mar-2026,REAL,REPOWER ASIA INDONESIA Tbk,506000,0,1200,0,0,0,0,0,31848000,1400,0,0,100,0,0,0,0,0,0,1038176200,0,0,0,0,0,0,0,0,0,0,0,0,0,40892900,0,0,0,30500,2422673851,3534130151
31-Mar-2026,RELF,GRAHA MITRA ASIA Tbk,1773900,0,0,0,0,0,0,0,10972400,0,0,0,0,0,0,0,0,0,0,4331366800,25100,0,0,0,0,0,0,0,0,0,0,0,0,0,0,0,0,0,1383693995,5727832195
31-Mar-2026,RELI,RELIANCE SEKURITAS INDONESIA Tbk,0,0,0,0,0,0,0,0,13400,0,0,0,100,0,0,0,0,0,0,1641730545,0,0,0,0,0,0,0,0,0,0,0,0,0,70882000,0,0,15271000,0,72102955,1800000000
31-Mar-2026,RGAS,KIAN SANTANG MULIATAMA Tbk,0,0,0,0,0,0,0,0,0,0,0,0,0,0,0,0,0,0,0,28047100,0,0,0,0,0,0,0,0,0,0,0,0,0,820,0,0,0,0,306186190,334234110
31-Mar-2026,RICY,RICKY PUTRA GLOBALINDO Tbk,0,0,4000,0,0,19622000,0,0,0,0,0,0,20100,0,0,0,0,0,5000,116500,0,0,0,0,0,0,0,0,0,0,0,0,0,1100050,0,0,0,0,277714260,298581910
31-Mar-2026,RIGS,RIG TENDERS INDONESIA Tbk,0,0,0,0,0,0,0,0,143500,30,8904600,0,100,0,67200,0,0,0,0,492121530,0,20000,0,0,0,0,0,0,0,0,0,0,0,22113540,0,0,0,0,83481250,606851750
31-Mar-2026,RIMO,RIMO INTERNATIONAL LESTARI Tbk,358174399,8194842171,829225226,5001448439,0,0,728996759,196326986,107123076,240041,0,3210900,20627092,1124211,2433494000,2652776,0,198019802,0,4920719739,0,3784665833,0,95200,0,0,0,298809600,0,0,0,0,8444221373,1270599620,70292432,18590100,1799101238,6549252,5389688349,44078838614
31-Mar-2026,RISE,JAYA SUKSES MAKMUR SENTOSA Tbk,550053,0,0,0,0,0,39960,0,1017300,121,0,0,148,0,321822000,0,0,0,0,2878515368,0,0,0,0,0,0,0,0,0,0,2442000,0,415128,402696760,0,74800,0,0,92417952,3699991590
31-Mar-2026,RLCO,ABADI LESTARI INDONESIA Tbk,12492300,0,1600,0,0,300000,0,1450000,1076400,1735100,0,0,0,849400,0,0,0,0,0,2675726700,0,0,0,0,0,0,0,0,0,0,42058300,0,0,138481400,0,0,33000,100,250795700,3125000000
31-Mar-2026,RMKE,RMK ENERGY Tbk,22363308,4222922,950500,0,0,2450000,0,45000,2387300,157,0,0,100,479700,14500,0,0,0,0,3673682600,0,0,0,0,0,0,0,110000,0,0,0,0,25774400,2507413,134500,0,514000,10000,189046600,3924693000
31-Mar-2026,RMKO,ROYALTAMA MULIA KONTRAKTORINDO Tbk,6550500,0,0,0,0,440000,0,0,10090700,0,0,0,0,1600,0,0,0,0,60000,197212400,0,0,0,0,0,0,0,0,0,0,0,0,1270000,730500,0,0,0,0,346144300,562500000
31-Mar-2026,ROCK,ROCKFIELDS PROPERTI INDONESIA Tbk,11200,0,0,0,0,60277000,0,0,76500,0,0,0,100,0,469300,0,0,0,0,597022100,0,0,0,0,0,0,0,0,0,0,0,0,0,0,0,0,0,0,777328898,1435185098
31-Mar-2026,RODA,PIKKO LAND DEVELOPMENT Tbk,7964600,78,678901100,0,0,0,1950000,6107127,6866600,0,0,0,107315900,0,0,34877,0,0,0,14751408,0,75000000,0,0,0,0,0,0,0,0,0,0,13337689,3253273,4800095,0,705309,251919,12670888234,13592128209
31-Mar-2026,RONY,ARACORD NUSANTARA GROUP Tbk,1600,0,0,0,25000,0,0,0,77300,0,0,0,0,0,0,0,0,0,0,1027406100,0,0,0,0,0,0,0,0,0,0,0,0,0,817700,0,0,0,0,221672300,1250000000
31-Mar-2026,ROTI,NIPPON INDOSARI CORPINDO Tbk,2966939,88,1370798546,122685011,0,65343977,1500,312900,280300,17,0,377422,1303156,0,0,0,0,0,0,3913539115,0,0,0,0,0,0,0,125000,0,0,0,0,18007588,72067346,180200,136400,825500,975000,90698106,5660624111
31-Mar-2026,RSCH,CHARLIE HOSPITAL SEMARANG Tbk,1870300,0,127340400,0,0,0,0,0,5101000,0,0,0,0,0,0,0,0,0,0,127015200,0,0,0,0,0,0,0,0,0,0,0,0,0,27929100,0,0,0,0,240744000,530000000
31-Mar-2026,RSGK,KEDOYA ADYARAYA Tbk,0,0,0,0,252100,2235000,0,0,1263700,0,0,0,10100,0,0,0,0,0,0,879809794,0,0,0,0,0,0,0,0,0,0,0,0,0,0,0,0,0,0,46104306,929675000
31-Mar-2026,RUIS,RADIANT UTAMA INTERINSCO Tbk,96400,0,0,1000000,0,0,0,0,1640800,15,0,0,1153660,0,0,0,0,0,15400,256205450,0,0,0,0,0,0,0,0,0,0,0,0,2499000,106511600,2153000,0,0,0,334572675,705848000
31-Mar-2026,RUNS,GLOBAL SUKSES SOLUSI Tbk,0,0,0,0,0,0,0,0,0,0,0,0,1329700,0,0,0,0,0,0,2688500,0,0,0,0,0,0,0,0,0,0,0,0,0,400200,0,0,0,0,478625175,483043575
31-Mar-2026,SAFE,STEADY SAFE Tbk,632727,0,456957413,7250,0,229108002,0,91,561356,498543,0,0,24490,0,1,0,0,0,5000,63995938,0,600,0,0,0,0,0,0,0,0,0,0,0,5294195,0,15154,0,0,42126755,799227515
31-Mar-2026,SAGE,SAPTAUSAHA GEMILANGINDAH Tbk,2274300,0,0,0,0,0,0,0,0,0,0,0,100,0,0,0,0,4000000,0,13456700,0,0,0,0,0,0,0,0,0,0,0,0,468034800,50050,0,0,0,2600,1897458710,2385277260
31-Mar-2026,SAME,SARANA MEDITAMA METROPOLITAN Tbk,17532418,0,0,0,13641950,6951900,3478600,0,2508450,84,0,1254900,495,57,86500,0,0,0,0,15955261125,0,0,0,0,0,0,0,0,0,0,0,0,135855850,22292751,488800,507100,2330500,14354,1002426711,17164632545
31-Mar-2026,SAMF,SARASWANTI ANUGERAH MAKMUR Tbk,1087400,0,0,0,0,0,0,0,147400,0,0,0,200,0,0,0,0,0,0,1369703300,0,0,0,0,0,0,0,0,0,0,0,0,0,0,0,0,0,0,179061700,1550000000
31-Mar-2026,SAPX,SATRIA ANTARAN PRIMA Tbk,28591700,0,0,0,0,1662600,0,0,295200,0,0,0,2591000,0,0,0,0,0,0,758833300,0,0,0,0,0,0,0,0,0,0,0,0,0,1014500,0,0,0,0,40345000,833333300
31-Mar-2026,SATU,KOTA SATU PROPERTI Tbk,14300500,0,0,0,0,0,0,0,7428000,0,0,0,100,0,0,0,0,0,0,681709,0,0,0,0,0,0,0,0,0,0,0,0,0,5338000,0,0,0,0,766001691,793750000
31-Mar-2026,SBAT,SEJAHTERA BINTANG ABADI TEXTILE Tbk,0,0,0,0,0,0,0,0,0,0,0,0,100,0,0,0,0,0,0,758534300,0,0,0,0,0,0,0,0,0,0,0,0,0,110339,0,0,0,500,2840833318,3599478557
31-Mar-2026,SBMA,SURYA BIRU MURNI ACETYLENE Tbk,0,0,0,0,0,0,0,0,0,0,0,0,100,0,0,0,0,0,0,3500,0,0,0,0,0,0,0,0,0,0,0,0,0,2637905,0,0,0,0,277284777,279926282
31-Mar-2026,SCCO,SUPREME CABLE MANUFACTURING & COMMERCE Tbk,694200,1392000,0,0,0,800,0,876400,39508,0,0,0,20600,0,0,0,0,0,0,66559600,0,0,0,0,0,0,0,0,0,0,0,0,28812644,3789780,0,0,2080000,0,37885544,142151076
31-Mar-2026,SCMA,SURYA CITRA MEDIA Tbk,17271553,10094900,7910500,550000,0,24328225,899067700,3151800,32657089,25187,0,390392500,77100,0,3006250,0,0,0,2837800,66979444726,0,0,0,18525175,0,0,0,0,0,0,0,0,1275865413,52701585,245708458,4523300,238183000,75480976,3688765068,73970568305
31-Mar-2026,SCNP,SELARAS CITRA NUSANTARA PERKASA Tbk,0,0,0,0,0,0,0,0,368600,0,0,0,100,0,0,0,0,0,0,320059400,0,0,0,0,0,0,0,0,0,0,0,0,119086500,72000,0,0,0,0,60413400,500000000
31-Mar-2026,SCPI,ORGANON PHARMA INDONESIA Tbk,0,0,50,0,0,0,0,0,0,0,0,0,0,0,0,0,0,0,0,3556336,0,0,0,0,0,0,0,0,0,0,0,0,0,0,0,0,0,0,5864,3562250
31-Mar-2026,SDMU,SIDOMULYO SELARAS Tbk,2136900,0,0,0,0,0,0,0,12835100,0,0,0,28850,0,0,0,0,0,0,18895525,0,205000000,0,0,0,0,0,0,0,0,0,0,400,75,0,0,0,0,1621981750,1860878600
31-Mar-2026,SDPC,MILLENNIUM PHARMACON INTERNATIONAL Tbk,7359950,0,0,0,0,0,0,0,495000,0,0,0,100,0,7570600,0,0,0,0,1083860004,0,0,0,0,0,0,0,0,0,0,0,0,0,11810,0,0,42962830,0,127715995,1269976289
31-Mar-2026,SDRA,BANK WOORI SAUDARA INDONESIA 1906 Tbk,13437489033,0,130,0,0,0,0,0,95000,0,0,0,37208,0,0,0,0,0,0,1010863397,0,0,0,0,0,0,0,0,0,0,0,0,0,941408,0,0,0,250,239581033,14689007459
31-Mar-2026,SEMA,SEMACOM INTEGRATED Tbk,2718400,0,0,0,0,0,0,0,0,0,0,0,100,0,0,0,0,0,0,800000,100,0,0,15000,0,0,0,0,0,0,0,0,0,100,0,0,0,0,443725142,447258842
31-Mar-2026,SFAN,SURYA FAJAR CAPITAL Tbk,35600,0,0,0,0,0,0,0,700,0,0,0,100,6943500,0,0,0,0,0,1133790570,0,0,0,0,0,0,0,0,0,0,0,0,519000,0,0,0,0,0,84806821,1226096291
31-Mar-2026,SGER,SUMBER GLOBAL ENERGY Tbk,2036471,0,442826277,0,0,11910714,9588,0,47298220,74,0,0,680278,0,103010,0,0,0,78,2549564316,0,0,0,0,0,0,0,600380421,0,0,0,0,2601500,1720201,294678,0,3707000,1766,3305858192,6968992784
31-Mar-2026,SGRO,PRIME AGRI RESOURCES Tbk,840900,0,0,0,0,1387000,365150,385,40700,5066,0,0,389495,0,300,0,0,0,0,1795437014,0,0,0,0,0,0,0,0,0,0,0,0,3166514,310945,221300,0,385500,0,16071731,1818622000
31-Mar-2026,SHID,HOTEL SAHID JAYA INTERNATIONAL Tbk,6660,0,0,0,0,0,0,200,20,2500,0,0,100,0,0,0,0,0,0,937826428,0,0,0,0,0,0,0,0,0,0,4657500,0,0,24180,1365000,8300,1923700,20,152165640,1097980248
31-Mar-2026,SHIP,SILLO MARITIME PERDANA Tbk,0,0,0,0,0,0,0,44000,2200,0,0,0,4054600,0,0,0,0,0,0,2518090662,0,0,0,0,0,0,0,0,0,0,119670800,0,0,16195600,0,0,0,0,61732138,2719790000
31-Mar-2026,SICO,SIGMA ENERGY COMPRESSINDO Tbk,127000,0,0,0,0,0,0,0,22000,0,0,0,100,0,613000000,0,0,0,0,1034200,0,0,0,0,0,0,0,0,0,0,0,0,0,1355440,0,0,0,10,294539014,910077764
31-Mar-2026,SIDO,INDUSTRI JAMU DAN FARMASI SIDO MUNCUL Tbk,54884348,6069271,6064,45922148,282294707,37354799,297862017,7141451,60687200,211110,1752034,31661584,3740256,17703290,1000,0,0,0,19800,18533256854,5200,195857200,0,26230737,0,0,0,9829422,1637435,0,5897142,5136728,942023787,109273693,927332675,6061610,204993976,9719088,2747130780,24571697406
31-Mar-2026,SILO,SILOAM INTERNATIONAL HOSPITALS Tbk,125310962,0,8329093832,11778172,0,55318080,1514913,4293500,6476811,131,0,0,22732182,0,586800,0,0,0,2600,2962738743,0,0,0,100300,0,0,0,0,0,0,0,0,276110722,18836709,9774396,0,61158836,0,119512191,12005339880
31-Mar-2026,SIMA,SIWANI MAKMUR Tbk,26274526,53344500,0,0,0,0,0,50216,815,1171,0,0,0,100000,0,0,0,0,0,753542,0,5722541,0,0,0,0,0,0,0,0,62,0,65890027,44466751,573624,251,21610424,100000,223285672,442174122
31-Mar-2026,SIMP,SALIM IVOMAS PRATAMA Tbk,27265353,11961171,7507000,3439522,0,35070117,9287300,21827400,11430869,2010076,0,5095400,1298672,112000,0,0,0,0,0,94281662,0,0,1873200,25000,0,0,0,0,0,0,0,0,106188996,268094369,40962653,5809189,222377300,5814000,1966026880,2847758129
31-Mar-2026,SINI,SINGARAJA PUTRA Tbk,228000,0,0,0,0,20000,0,0,100,0,0,0,100,158800,0,0,0,0,0,319477100,0,0,0,0,0,0,0,0,0,0,0,0,320200,474100,0,0,0,0,160321600,481000000
31-Mar-2026,SIPD,SREEYA SEWU INDONESIA Tbk,267306,1918865,78716,0,0,1748700,0,26,45565,300,0,0,1878000,0,0,0,0,0,0,1742767732,0,1360,0,0,0,0,0,0,0,0,0,0,0,24791732,0,10,65,3,62738167,1836236547
31-Mar-2026,SKBM,SEKAR BUMI Tbk,117543690,50,522770820,0,0,0,0,0,203100,114100,0,0,100,0,0,0,0,0,0,175511388,0,0,0,0,0,0,0,0,0,0,0,0,0,1942481,0,160200,0,0,104115040,922360969
31-Mar-2026,SKLT,SEKAR LAUT Tbk,73050600,0,3502683120,0,0,1210000,0,0,687100,0,0,0,5000,0,0,0,0,0,0,3191296380,0,0,0,0,0,0,0,0,0,0,0,0,0,2035200,0,1726800,0,0,133118800,6905813000
31-Mar-2026,SKRN,SUPERKRANE MITRA UTAMA Tbk,977900,0,403057606,0,3500,290000,0,0,868700,0,0,0,1388900,0,0,0,0,0,0,593802773,0,0,0,0,0,0,0,0,0,0,0,0,0,1514600,0,0,0,0,498096021,1500000000
31-Mar-2026,SKYB,NORTHCLIFF CITRANUSA INDONESIA Tbk,52646100,0,89420000,0,0,0,0,0,0,0,0,0,0,0,0,0,0,0,0,155217700,0,0,0,0,0,0,0,0,0,0,0,0,144065900,202300,0,0,0,0,143448000,585000000
31-Mar-2026,SLIS,GAYA ABADI SEMPURNA Tbk,12393700,0,350000,0,0,0,0,0,16538200,0,0,0,100,160400,0,0,0,0,0,1125639100,1000,0,0,0,0,0,0,1150000,0,0,0,0,0,6539000,0,0,0,0,1300567989,2463339489
31-Mar-2026,SMAR,SINAR MAS AGRO RESOURCES AND TECHNOLOGY Tbk,716020,0,0,0,0,50000,46200,2700,233670,2554,0,0,5600,0,0,0,0,0,0,60235335,0,0,0,0,0,0,0,138309100,0,0,2000,0,326200,223731,1215000,14160,3999085,105060,11336585,216823000
31-Mar-2026,SMBR,SEMEN BATURAJA (PERSERO) Tbk,3913865,87,0,0,0,0,38113600,0,3625500,85,0,0,702400,1273100,0,0,0,0,0,11863000,3100,472428600,0,30000,0,0,0,10600,0,0,0,0,146384804,2963391,11296215,0,784084300,77700,955763889,2432534236
31-Mar-2026,SMCB,SOLUSI BANGUN INDONESIA Tbk,4990122,0,0,540000,0,5184914,0,33041,58200,224294,0,0,696309,0,17800,0,0,0,0,1367996036,0,7533148986,0,319500,0,0,25000,32500,0,0,7000,0,0,3361021,4691800,0,30000,288000,77870461,8999514984
31-Mar-2026,SMDM,SURYAMAS DUTAMAKMUR Tbk,0,0,0,0,0,0,0,0,258300,10000,0,0,100,0,0,0,0,0,0,4723137563,0,0,0,0,0,0,0,0,0,0,0,0,0,553314,0,0,500,10,48016575,4771976362
31-Mar-2026,SMDR,SAMUDERA INDONESIA Tbk,57340070,20763720,25700,0,0,0,20217474,5660500,91564600,15,0,1537500,28900,7228700,25000,0,0,0,0,941667950,0,0,3569564,0,0,0,286800,1059500,0,0,2299000,0,473591653,121779783,274412121,2441200,36640900,1,2040360499,4102501150
31-Mar-2026,SMGA,SUMBER MINERAL GLOBAL ABADI Tbk,7607600,0,19832200,0,0,0,0,800000,49151100,0,0,0,0,0,2019500,0,0,0,0,3085862800,2000,0,0,0,0,0,0,0,0,0,0,0,0,502400,0,0,0,0,1184222400,4350000000
31-Mar-2026,SMGR,SEMEN INDONESIA (PERSERO) Tbk,73511004,268302,26314318,62017094,100,11122880,138066305,1597579,48300504,593519,65788007,187654232,14527360,1310461,1200,0,0,0,0,79490947,29600,102022800,68197189,22788506,0,1000,10000,376800,7917169,0,1353117,5187488,1209717423,18841281,204210483,1150288,402400410,16323959,521888009,3293078334
31-Mar-2026,SMIL,SARANA MITRA LUAS Tbk,2127900,0,87800,0,0,600000,0,0,14104300,0,0,0,0,86517800,0,0,0,0,0,42859800,0,0,0,0,0,0,0,0,0,0,0,0,4000000,451217420,0,0,167300000,200,1432853249,2201668469
31-Mar-2026,SMKL,SATYAMITRA KEMAS LESTARI Tbk,89000,0,65540800,0,0,0,0,0,178400,0,0,0,100,0,0,0,0,0,0,152241000,0,0,0,0,0,0,0,0,0,0,0,0,0,40,0,0,0,0,450035950,668085290
31-Mar-2026,SMKM,SUMBER MAS KONSTRUKSI Tbk,16340000,0,0,0,0,0,0,400000,324032500,0,0,0,100,0,19438900,0,0,0,0,118069086,0,0,0,0,0,0,0,0,0,0,0,0,0,17743600,0,0,0,0,756975814,1253000000
31-Mar-2026,SMLE,SINERGI MULTI LESTARINDO Tbk,500800,0,0,0,0,0,0,17159400,5005400,0,0,0,64618300,0,0,0,0,0,0,1635518900,0,0,0,0,0,0,0,0,0,0,0,0,12083600,188726300,0,0,0,0,344420348,2268033048
31-Mar-2026,SMMA,SINAR MAS MULTIARTHA Tbk,283200,0,51400464,168556,103589806,295376571,0,0,345695652,16063,0,0,319,48704,1266956,0,0,0,0,4009563847,0,0,0,0,1026793,0,750829,175474,0,0,0,273139,17116700,34116222,0,1891558,1742500,26356853,1419697517,6310557723
31-Mar-2026,SMMT,GOLDEN EAGLE ENERGY Tbk,12631332,0,0,24700,0,0,0,0,4281100,77,0,0,100,3039300,0,0,0,0,0,3182845467,0,0,0,0,0,0,0,0,0,0,0,0,0,12888200,0,0,0,0,205649724,3421360000
31-Mar-2026,SMRA,SUMMARECON AGUNG Tbk,65216780,12205995,13379332,9572339,52200,88524744,80546942,100336,4897152,289956,0,224087566,5109354,5256700,2747500,0,0,0,0,4530648523,0,0,0,22840343,0,0,1510000,8856422,0,0,0,0,1533932692,114346486,189711308,3087694,673705712,41107608,4914091693,12545825377
31-Mar-2026,SMRU,SMR UTAMA Tbk,38753721,118333394,0,0,0,0,344172400,59187063,12282000,0,0,0,0,100000,0,0,0,0,0,6836781302,0,1148050473,0,0,0,0,0,0,0,0,0,0,2080576397,422300,43731835,0,1238980313,1449447,576565137,12499385782
31-Mar-2026,SMSM,SELAMAT SEMPURNA Tbk,7429409,632900,323100,3239500,0,357600,10792000,8002060,34895580,36911,151111948,273500,954400,12112000,169905700,0,0,0,5800,202230872,0,0,0,0,0,0,421600,0,0,0,7823100,0,1125658872,7721301,19691939,1215400,20655240,20,919411132,2704901884
31-Mar-2026,SNLK,SUNTER LAKESIDE HOTEL Tbk,22245600,0,0,0,165116000,0,0,0,162200,0,0,0,100,0,0,0,0,0,0,21155700,0,0,0,0,0,0,0,0,0,0,0,0,0,500,0,0,0,0,241319900,450000000
31-Mar-2026,SOCI,SOECHI LINES Tbk,27021300,6903100,0,0,0,0,0,0,5657000,398003,0,0,350100,120000,858000,0,0,0,7900,4989943904,0,0,0,0,0,0,0,0,0,0,0,0,151353300,13663297,17725100,0,8203000,100,840168900,6062373004
31-Mar-2026,SOFA,SOLUSI ENVIRONMENT ASIA Tbk,12081000,0,1173500000,0,450000,5000000,0,0,60326300,0,0,0,8501800,1500000,0,0,0,0,0,9726600,0,0,0,0,0,0,0,0,0,0,0,0,7985100,696100,0,0,0,0,373807599,1653574499
31-Mar-2026,SOHO,SOHO GLOBAL HEALTH Tbk,15000,0,3475939900,0,0,1002000,0,0,268200,0,0,0,1000,0,1173205040,0,0,0,0,1805452710,0,0,0,0,0,0,0,0,0,0,0,0,0,5080567170,0,0,0,0,1155231370,12691682390
31-Mar-2026,SOLA,XOLARE RCR ENERGY Tbk,3270500,0,0,0,0,0,0,0,12849700,0,0,0,0,0,0,0,0,0,0,2487550400,0,0,0,0,0,0,0,0,0,0,0,0,0,2025000,0,0,0,0,713766900,3219462500
31-Mar-2026,SONA,SONA TOPAS TOURISM INDUSTRY Tbk,0,0,0,0,0,0,0,0,35600,0,0,0,200,10000,0,0,0,0,0,538016880,0,0,0,0,0,0,0,0,0,0,0,0,37500,800,0,0,0,0,40789980,578890960
31-Mar-2026,SOSS,SHIELD ON SERVICE Tbk,0,0,0,0,0,0,0,0,0,0,0,0,100,0,0,0,0,0,0,794156300,0,0,0,0,0,0,0,0,0,0,0,0,0,0,0,0,0,0,5257831,799414231
31-Mar-2026,SOTS,SATRIA MEGA KENCANA Tbk,151100,0,48350000,0,500,0,0,0,210400,0,0,0,100,50000,0,0,0,0,0,136638600,0,0,0,0,0,0,0,0,0,0,0,0,0,0,0,0,0,0,814603279,1000003979
31-Mar-2026,SOUL,MITRA TIRTA BUWANA Tbk,0,0,0,0,87600,0,0,0,0,0,0,0,100,0,0,0,0,0,0,792670400,42000,0,0,0,0,0,0,0,0,0,0,0,0,2144335,0,0,0,0,287581788,1082526223
31-Mar-2026,SPMA,SUPARMA Tbk,1421313,0,2198,0,0,0,0,10445715,558073,4223,0,0,130,0,0,0,0,0,0,3802689725,0,679,0,0,0,0,1010072,0,0,0,0,0,1501598,1463112,258244,295,268557,916,271137978,4090762828
31-Mar-2026,SPRE,SORAYA BERJAYA INDONESIA Tbk,1884800,0,0,0,0,0,0,0,0,0,0,0,0,0,0,0,0,0,0,100000,0,0,0,0,0,0,0,0,0,0,0,0,0,100000,0,0,0,7400,657907800,660000000
31-Mar-2026,SPTO,SURYA PERTIWI Tbk,17849259,0,0,26,2879400,51273800,0,4151700,118467900,0,104625000,0,3850100,0,0,0,0,0,0,1635104600,0,0,0,0,0,0,589300,0,0,0,0,0,398984800,16012102,1934400,849800,0,212100,343215713,2700000000
31-Mar-2026,SQMI,WILTON MAKMUR INDONESIA Tbk,1603640,0,0,0,620110000,240970560,0,10000000,28743,0,0,0,3441323029,0,0,0,0,0,0,7833558842,0,100,0,0,0,0,0,0,0,0,0,0,135000000,50863300,0,0,0,0,3203933215,15537391429
31-Mar-2026,SRAJ,"SEJAHTERARAYA ANUGRAHJAYA Tbk, PT",1061500,50,0,0,0,0,274000,0,957700,0,0,0,600001100,1285090799,0,0,0,0,0,9588717245,0,0,0,0,0,0,0,0,0,0,0,0,1816400,705733,6600,0,0,0,707828863,12186459990
31-Mar-2026,SRIL,SRI REJEKI ISMAN Tbk,447304727,113979800,6710000,0,0,10000000,6170656,2540195,119840700,312773,0,4745500,9663000,4689200,9500,0,0,0,0,14596307676,0,0,0,10213200,0,0,0,0,0,0,0,0,314792004,149516549,41590700,6361600,5916511,2615700,4159545085,20012825076
31-Mar-2026,SRSN,INDO ACIDATAMA Tbk,987250,0,133427500,0,0,0,0,0,832782688,0,0,0,1529500,1070671,0,0,0,0,0,1306550863,0,1050,0,0,0,0,0,10000,0,0,0,0,47453313,272543,0,0,125082,67,3692540616,6016751143
31-Mar-2026,SRTG,SARATOGA INVESTAMA SEDAYA Tbk,6565366,478700,55412565,2400000,0,18688800,2166400,23847100,32259800,65,1320800,0,9656700,60000,0,0,0,0,0,4521437600,0,0,0,5578900,0,0,0,2500,0,0,0,0,310830469,118173177,5929362,126035813,20306800,2341233,8301342850,13564835000
31-Mar-2026,SSIA,SURYA SEMESTA INTERNUSA Tbk,7210336,3996700,802100,0,6000,47293000,55607817,519687600,179303317,51784,964000,422700,302212,77500,11200,0,0,0,59900,2216679635,0,0,0,0,0,0,0,109100,0,0,0,0,253232868,14181916,16452600,1244600,55040400,256620,1324115535,4697109440
31-Mar-2026,SSMS,SAWIT SUMBERMAS SARANA Tbk,240728884,1336500,206769,24447200,0,0,46423158,400000,321120771,143555329,0,12100681,86066880,0,1078100,0,0,0,0,2858987725,0,467592593,0,877800,0,0,0,0,114300,0,0,497400,80443322,666098,42799249,1379800,3352000,0,70825441,4405000000
31-Mar-2026,SSTM,SUNSON TEXTILE MANUFACTURER Tbk,17100,0,0,0,0,0,0,0,21400,2000,0,0,100,0,0,0,0,0,0,50000,0,0,0,0,0,0,0,0,0,0,0,0,35000,2382,0,0,180600,0,170312834,170621416
31-Mar-2026,STAA,SUMBER TANI AGUNG RESOURCES Tbk,19670200,7744116,930808100,2666900,0,520695160,83573148,1150600,17538700,98,0,4232100,2181500,309000,0,0,0,0,50000,1923319749,0,0,0,0,0,0,0,0,0,0,1408200,0,69347200,13255138,51636200,1212800,0,160000,104260925,3755219834
31-Mar-2026,STAR,BUANA ARTHA ANUGERAH Tbk,219651500,0,0,0,0,0,0,194500000,1784364300,0,0,0,100,0,0,0,0,0,0,1809297100,0,0,0,0,0,0,0,0,0,0,197758500,0,548195600,82400,0,0,0,0,46151102,4800000602
31-Mar-2026,STRK,LOVINA BEACH BREWERY Tbk,124234300,0,0,0,0,0,0,0,29975100,0,0,0,0,0,0,0,0,0,0,7120229000,0,0,0,0,0,0,0,0,0,0,0,0,0,1713306600,0,0,0,0,1734090562,10721835562
31-Mar-2026,STTP,SIANTAR TOP Tbk,56750100,0,0,0,0,7000,0,0,800,2500,0,0,41300,0,0,0,0,0,0,770653100,0,0,0,0,0,0,0,0,0,0,0,0,0,4811000,0,0,0,0,477055200,1309321000
31-Mar-2026,SUGI,"SUGIH ENERGY Tbk, PT",326898200,511628140,2882091642,183546500,0,9780226,119735511,34819994,106492000,94,0,0,8204621,150000,0,0,0,0,0,6704321063,0,6015852,2278200,1997328440,0,0,0,0,0,0,660500,0,1305460925,1026628438,56510400,150457900,1651602240,1542416,7581530512,24667683814
31-Mar-2026,SULI,SLJ GLOBAL Tbk,7118800,0,45000000,10000,0,278151500,0,955126818,46599700,110083,0,0,4705309,0,0,0,0,0,0,3413777652,0,0,0,175000,0,0,0,0,0,0,0,0,12533466,54460218,0,2000000,0,0,1490142917,6309911463
31-Mar-2026,SUNI,SUNINDO PRATAMA Tbk,20700,0,0,0,0,0,0,0,510000,18,0,0,100,0,0,0,0,0,0,94216200,0,0,0,0,0,0,368482,0,0,0,0,0,705700,100,1510149,183351,39600,0,502445600,600000000
31-Mar-2026,SUPA,SUPER BANK INDONESIA Tbk,2938987635,0,50000,509000,5861829220,0,0,253000,1607200,0,978964500,83591400,89200,977000,600,0,0,0,1700,16035286950,0,0,0,1507000,0,0,0,0,0,0,0,0,440463600,3407895,1695000,0,113192105,1394400,1061557900,27525365305
31-Mar-2026,SUPR,SOLUSI TUNAS PRATAMA Tbk,0,0,0,0,0,189700,0,0,0,0,0,0,100,0,0,0,0,0,0,29412000,0,0,0,0,0,0,0,0,0,0,0,0,0,500079,0,0,0,0,290165,30392044
31-Mar-2026,SURE,SUPER ENERGY Tbk,31700,0,0,0,0,0,0,0,6500,0,0,0,100,0,0,0,0,0,0,573056743,0,0,0,0,0,0,0,0,0,0,0,0,0,0,0,0,0,0,42231728,615326771
31-Mar-2026,SURI,MAJA AGUNG LATEXINDO Tbk,0,0,0,0,0,0,0,0,0,0,0,0,0,0,0,0,0,0,0,182297100,0,0,0,0,0,0,0,0,0,0,0,0,0,0,0,0,0,0,6152077900,6334375000
31-Mar-2026,SWAT,SRIWAHANA ADITYAKARTA Tbk,97800,0,0,0,0,0,0,0,0,0,0,0,100,0,0,0,0,0,0,0,0,0,0,0,0,0,0,0,0,0,0,0,0,100000,100000,0,0,0,663902100,664200000
31-Mar-2026,SWID,SARASWANTI INDOLAND DEVELOPMENT Tbk,407700,0,0,0,0,0,0,0,6780900,0,0,0,100,0,0,0,0,0,0,149782900,0,0,0,0,0,0,0,0,0,0,0,0,0,700,0,0,0,0,952623172,1109595472
31-Mar-2026,TALF,TUNAS ALFIN Tbk,0,0,1223597000,0,0,0,0,0,77700,0,0,0,100,0,0,0,0,0,0,400,0,0,0,0,0,0,0,0,0,0,0,0,0,65239400,0,0,0,0,64459600,1353374200
31-Mar-2026,TAMA,LANCARTAMA SEJATI Tbk,0,0,0,0,0,0,0,0,0,0,0,0,100,0,0,0,0,0,0,531629820,0,0,0,0,0,0,0,0,0,0,0,0,0,0,0,0,0,0,576115662,1107745582
31-Mar-2026,TAMU,PELAYARAN TAMARIN SAMUDRA Tbk,404900,16,15900,1551591000,2586641256,0,0,4000,0,0,0,0,100,100,0,0,0,0,0,31364256347,0,0,0,0,0,0,0,0,0,0,0,0,462635300,5704200,0,0,0,0,1528646881,37499900000
31-Mar-2026,TAPG,TRIPUTRA AGRO PERSADA Tbk,91505166,44292447,175521919,60355432,3500,25690600,93935522,5355900,25928600,18661,47520200,170341766,1390800,1493600,2947700,0,0,0,0,15441590482,0,0,2598900,8930700,300000,3000,0,3500,0,0,2297062,0,396344998,16577914,237684602,2039000,348243800,17045511,2632281718,19852540000
31-Mar-2026,TARA,AGUNG SEMESTA SEJAHTERA Tbk,6642,0,0,80100,0,0,0,119429078,235297678,8,0,0,1309105,1514064894,92493,212117,0,0,0,4997992889,0,551389038,0,0,0,0,0,0,0,0,0,0,1381638660,547,665045,0,201229068,241132,1065997256,10069645750
31-Mar-2026,TAXI,EXPRESS TRANSINDO UTAMA Tbk,380050,0,1486200,0,13086800,57635707,0,4000000,0,105014661,0,0,11244800,19668200,550000,0,0,0,0,714400757,0,0,0,0,0,0,0,1615609,0,0,0,0,72702496,95411333,177718213,2906400,118041443,16965559,8810718928,10223547156
31-Mar-2026,TAYS,JAYA SWARASA AGUNG Tbk,0,0,0,0,0,0,0,0,0,0,0,0,100,0,1189700,0,0,164700000,0,42500000,0,0,0,0,0,0,0,0,0,0,0,0,0,300000,0,0,0,0,810590200,1019280000
31-Mar-2026,TBIG,TOWER BERSAMA INFRASTRUCTURE Tbk,621875302,7233000,0,3271800,0,7607194,19963608,611100,90161106,4909840,0,717500,1054634,0,501900,0,0,0,0,21028720951,0,0,106400,0,0,0,551300,0,547100,0,0,0,98441226,1723063,39464702,394500,347165792,4981100,376996327,22656999445
31-Mar-2026,TBLA,TUNAS BARU LAMPUNG Tbk,8105097,4633984,0,295108483,1900000,21163900,6781028,222048442,474000,235,0,706757,226819980,0,261600,250,0,0,5200,3881832877,0,0,0,0,0,0,0,0,0,0,0,0,56742966,734851141,1759042,718971,273200,396739,548694014,6013277906
31-Mar-2026,TBMS,TEMBAGA MULIA SEMANAN Tbk,670900,0,0,16000,0,12000,0,860400,87700,0,0,0,200,0,0,0,0,0,32000,121422800,0,0,0,0,0,0,0,0,0,0,0,0,29978600,219000,0,40000,2372000,0,38168400,193880000
31-Mar-2026,TCID,MANDOM INDONESIA Tbk,0,0,100000,0,0,725700,0,347600,439800,94,0,0,200,0,0,0,0,0,0,385174,0,0,0,0,0,0,0,0,0,0,1868732,0,2247532,427142,0,3092700,0,0,61940322,71574996
31-Mar-2026,TCPI,TRANSCOAL PACIFIC Tbk,51687100,136300,1451500,95977100,0,50000000,25746200,700900,37797500,74,362200,5982575,48000100,0,0,0,0,0,0,101257942,0,0,97000,0,0,0,0,0,18300,0,110800,1410300,11112794,390449272,13901919,201424,1049900,60200,262488600,1100000000
31-Mar-2026,TDPM,TRIDOMAIN PERFORMANCE MATERIALS Tbk,0,0,453200,0,308800,12349000,0,273756000,1103446350,0,0,0,0,22452,7963221670,0,0,0,0,570690578,0,0,0,0,0,0,0,0,0,0,0,0,81426962,13704397,0,0,43983820,41,421687230,10485050500
31-Mar-2026,TEBE,DANA BRATA LUHUR Tbk,9836100,0,0,0,0,0,0,0,4140900,0,0,0,100,80000,0,0,0,0,0,997546439,0,0,0,0,0,0,0,0,0,0,0,0,19014700,388500,6067000,0,4580100,0,243346161,1285000000
31-Mar-2026,TECH,INDOSTERLING TECHNOMEDIA Tbk,385600,0,230100,0,0,0,594000,0,0,81,0,0,44100,0,100,0,0,0,392158971,598946148,0,0,0,0,0,0,0,0,0,0,0,0,0,100004600,400000,0,0,180000,163356300,1256300000
31-Mar-2026,TELE,OMNI INOVASI INDONESIA Tbk,392646,0,6000000,0,0,0,0,170000,0,33,0,0,100,5250100,3056500,0,0,0,0,5324836247,33000,0,0,0,0,0,0,600,0,0,0,0,0,8963217,0,0,9103100,1103500,1952020346,7310929389
31-Mar-2026,TFAS,TELEFAST INDONESIA Tbk,84,0,0,0,0,135088200,0,0,946400,0,0,0,100,0,329800,0,0,0,0,1402191400,0,0,0,0,0,0,0,0,0,0,0,0,0,116,0,0,22000,0,128088400,1666666500
31-Mar-2026,TFCO,TIFICO FIBER INDONESIA Tbk,100,0,162460000,0,0,0,0,0,83700,135000,0,0,100,0,0,0,0,0,0,162460000,0,0,0,0,0,0,0,0,0,0,0,0,0,10002,0,27300,0,0,521648780,846824982
31-Mar-2026,TGKA,TIGARAKSA SATRIA Tbk,841640,0,0,0,0,0,0,0,332628400,0,0,0,100,0,0,0,0,0,0,556652750,0,0,0,0,0,0,0,6398770,0,0,0,0,0,382738,13600,0,0,0,19496007,916414005
31-Mar-2026,TGRA,TERREGRA ASIA ENERGY Tbk,13700,0,0,0,452676000,0,0,154800,0,0,0,0,9218900,8862700,0,0,0,0,0,16077000,0,0,0,14600,35371600,0,0,0,0,0,0,0,58230600,80248100,195340000,0,67800,121320100,1772404100,2750000000
31-Mar-2026,TGUK,PLATINUM WAHAB NUSANTARA Tbk,140800,0,342900,0,3248900,0,0,0,0,0,0,0,0,3093700,100000,0,0,0,0,5919800,67000,0,0,0,0,0,0,0,0,0,0,0,0,0,0,0,0,0,1058538715,1071451815
31-Mar-2026,TIFA,KDB TIFA FINANCE Tbk,2752920825,0,0,0,0,0,0,0,125200,0,0,0,138,0,0,0,0,0,0,612994280,0,0,0,0,0,0,0,0,0,0,0,0,300000,172828941,0,0,0,0,13043616,3552213000
31-Mar-2026,TINS,TIMAH Tbk,53908751,3221400,2718497,9479392,2788000,28767661,59368685,676026,84029896,193892,1418100,83778900,16062692,1551694,174639,221966,0,0,0,108066241,0,15041,215300,7121835,0,1500,0,113603,0,0,807700,0,847985684,54933731,84480351,981527,444602648,4095804,702032107,2603961763
31-Mar-2026,TIRA,TIRA AUSTENITE Tbk,0,0,0,0,0,0,0,0,21669200,0,0,0,100,0,0,0,0,0,0,478654100,0,0,0,0,0,0,0,35000,0,0,0,0,0,0,0,0,0,0,86253600,586612000
31-Mar-2026,TIRT,TIRTA MAHAKAM RESOURCES Tbk,0,0,0,0,0,0,0,2000000,0,1032,0,0,100,0,650000,0,0,0,0,724864974,0,0,0,0,0,0,0,0,0,0,0,0,0,11010,0,0,0,0,281974290,1009501406
31-Mar-2026,TKIM,PABRIK KERTAS TJIWI KIMIA Tbk,3302951,3448600,21651008,9845956,281900,7885700,47951342,0,309969036,248,770000,5294724,107987,22000,2,0,0,0,0,223299335,0,0,96700,55700,0,0,0,2522,16800,0,87102,952395,84211815,49629317,29703954,320757,36677160,616448,75159928,911361387
31-Mar-2026,TLDN,TELADAN PRIMA AGRO Tbk,453046600,0,0,0,0,0,0,0,558700,2118000,0,0,103447900,0,0,0,0,0,0,7925868000,0,0,0,0,0,0,292500,0,0,0,0,234900,32038700,1516000,367900,0,0,249300,4426791700,12946530200
31-Mar-2026,TLKM,TELKOM INDONESIA (PERSERO) Tbk,2875607910,1586521221,278392406,4120031149,3600,132816320,2573256018,255573835,308438682,943029,577277020,1172307699,230138685,5150504,28417457,143700,0,27660900,6500,647834529,10096000,850458009,1125530911,244167900,0,4000,145000,18183900,88859235,0,213353975,62023109,14919305098,120114723,6230565226,1083762210,5762661678,455054145,1403918997,47409121280
31-Mar-2026,TMAS,TEMAS Tbk,7568064,0,2000000,24504000,0,10999021,13251900,0,61677220,88,0,479000,9231550,11492700,0,0,0,0,0,41571288000,0,0,0,0,0,0,0,0,0,0,0,0,253154723,2433634,0,2340600,1236539600,100000,7299721100,50506781200
31-Mar-2026,TMPO,TEMPO INTI MEDIA Tbk,200,0,0,0,0,33000000,0,0,0,100,0,0,100,0,0,0,0,0,0,137460635,0,0,0,0,0,0,0,0,0,0,6327000,0,0,34041047,0,0,919655,1322600,133222334,346293671
31-Mar-2026,TNCA,TRIMUDA NUANSA CITRA Tbk,300,0,0,0,0,650000,0,0,0,0,0,0,100,0,0,0,0,0,0,249948800,0,0,0,0,0,0,0,0,0,0,0,0,0,0,0,0,21082000,0,149958800,421640000
31-Mar-2026,TOBA,TBS ENERGI UTAMA Tbk,6912600,0,2591700,0,0,1375000,5023200,500000,3904500,82,0,0,961400,4064500,126896700,0,0,0,55000,6100119100,0,0,0,0,0,0,0,0,0,0,0,0,77711178,30934240,867900,167000,7047400,100,1828271331,8197402931
31-Mar-2026,TOOL,ROHARTINDO NUSANTARA LUAS Tbk,1122400,0,0,0,0,0,0,0,0,0,0,0,100,0,0,0,0,0,9654900,1574290700,0,0,0,0,0,0,0,0,0,0,0,0,0,102,0,0,0,0,464952118,2050020320
31-Mar-2026,TOPS,TOTALINDO EKA PERSADA Tbk,0,0,0,0,416600,0,0,1481200,1610700,1041,0,0,201800,1237825800,0,0,0,0,0,17014436061,0,0,0,0,0,0,0,0,0,0,0,0,90124100,542816438,37203200,0,0,3200,14403879860,33330000000
31-Mar-2026,TOSK,TOPINDO SOLUSI KOMUNIKA Tbk,1203800,0,0,0,0,0,0,0,17703000,0,0,0,0,100000,0,0,0,0,0,44050000,0,0,0,0,0,0,0,0,0,0,0,0,0,256440,0,0,0,0,4213964060,4277277300
31-Mar-2026,TOTL,TOTAL BANGUN PERSADA Tbk,17583943,639000,22900,0,0,2345900,1999400,2145800,14414300,75,0,0,12940580,11538800,0,0,0,0,0,130165660,0,0,0,1009200,0,0,1490800,0,0,0,0,0,135577600,124017862,10137900,400800,33481100,50000,919419880,1419381500
31-Mar-2026,TOTO,SURYA TOTO INDONESIA Tbk,108652900,0,0,2345000,0,4923100,0,979440,5000500,0,111166200,0,4945200,0,0,0,0,0,0,639210400,0,0,0,230000,0,0,0,74801450,0,0,0,0,0,20010300,0,3299200,9216000,0,494156710,1478936400
31-Mar-2026,TOWR,SARANA MENARA NUSANTARA Tbk,481169398,7503400,3067300,247768095,0,2447608361,756302902,494945,81586661,5969473,2644996,165465579,894554839,136200,2522100,0,0,0,48800,10285940928,0,0,2702800,53782200,1000000,3000,0,0,4708200,0,100,17652200,2892196855,480525699,1767457296,37825100,2089275800,49499640,3394307947,26174017814
31-Mar-2026,TOYS,SUNINDO ADIPERSADA Tbk,0,0,0,0,0,0,0,200000,0,0,0,0,370100,0,296573959,0,0,0,0,3557900,0,0,0,0,0,0,0,0,0,0,0,0,0,1200100,0,0,0,500,1133098153,1435000712
31-Mar-2026,TPIA,CHANDRA ASRI PACIFIC Tbk,3458294425,48446238,11710097,113790499,0,2288289114,306587314,198195670,9288710,396179,13470500,31466627,705730837,2400,250000,0,0,0,0,16260545173,30600,956404,127957075,4593100,0,0,40000,25000,191900,0,524400,4732200,241494744,13925990,205886020,6379984,40680200,3559797,4856516311,28953957508
31-Mar-2026,TPMA,TRANS POWER MARINE Tbk,4932867,0,66,0,0,0,0,2847166,11459666,79,0,0,115100,179900,2020000,0,0,0,0,2344531449,0,0,0,0,0,0,0,0,0,0,0,470500,22445855,2401035,5417885,0,3170600,20066,1107407800,3507420034
31-Mar-2026,TRAM,TRADA ALAM MINERA Tbk,13777137,23491436406,125000,151916200,0,4000000,798107200,39007254,200700,18,0,11597200,425913,226836,423000,0,0,0,0,3035097488,0,2526969837,8400,0,0,0,0,901500,4289800,0,0,9244783,5093949660,968371266,783992792,11647600,809614733,2070899,11885926312,49643327934
31-Mar-2026,TRGU,CERESTAR INDONESIA Tbk,7130400,0,345487600,0,0,60200000,0,0,290286800,0,0,0,100,21924000,1000,0,0,0,0,2829911600,0,0,0,0,0,0,0,0,0,0,0,0,0,830000,0,0,0,50000,333464500,3889286000
31-Mar-2026,TRIL,TRIWIRA INSANLESTARI Tbk,0,85400,48071500,0,0,0,0,0,0,0,0,0,21000,0,0,0,0,0,0,864433740,0,0,0,0,0,0,0,658700,0,0,0,0,0,11218400,0,0,0,1691000,273820260,1200000000
31-Mar-2026,TRIM,TRIMEGAH SEKURITAS INDONESIA Tbk,245300,0,400,0,0,440201600,2400000,0,822200,487,0,504800,100,0,0,0,0,0,13300,1703786842,0,15000,0,0,0,0,0,426860,0,0,0,0,4957000,651836287,154,50043100,0,882,4254045688,7109300000
31-Mar-2026,TRIN,PERINTIS TRINITI PROPERTI Tbk,13118100,0,1241574500,0,0,0,0,33500,181152572,0,0,0,100,200,1750100,0,0,0,0,2072596715,0,0,0,0,0,0,0,0,0,0,0,0,0,28519868,30000,0,0,30000,916383245,4455188900
31-Mar-2026,TRIO,TRIKOMSEL OKE Tbk,452943913,225100,0,0,0,3834500,0,0,0,373000,9277500,0,0,0,0,0,0,312311260,0,5005127051,0,100,0,0,0,0,0,0,0,0,0,0,24500,3372411051,0,0,48200,0,192360325,9348936500
31-Mar-2026,TRIS,TRISULA INTERNATIONAL Tbk,0,0,383400,0,366500,153500000,0,0,37692650,0,0,0,100,0,0,0,0,0,0,459052749,0,0,0,0,0,0,0,0,0,0,0,0,39275100,21974725,0,0,0,0,1112814559,1825059783
31-Mar-2026,TRJA,TRANSKON JAYA Tbk,1900000,0,85845400,0,0,0,0,0,944900,0,0,0,100,0,0,0,0,0,0,1295287500,0,0,0,0,0,0,0,0,0,0,0,0,13973200,38900,0,0,0,100,112209900,1510200000
31-Mar-2026,TRON,TEKNOLOGI KARYA DIGITAL NUSA Tbk,604500,0,0,0,0,3977200,0,0,46045700,0,0,0,100,9000000,0,1000000,0,0,0,1928824000,0,0,0,0,0,0,0,0,0,0,0,0,0,8476800,0,0,0,0,949000148,2946928448
31-Mar-2026,TRST,TRIAS SENTOSA Tbk,73025,497550,7750,0,0,1500200,0,0,900,1,0,0,6735,0,0,0,0,0,0,1376928541,0,0,0,0,0,0,0,6911305,0,0,0,0,85607700,1501901,50,0,750,50,814818377,2287854835
31-Mar-2026,TRUE,TRINITI DINAMIK Tbk,9164200,0,4000160000,0,0,0,0,0,11077600,0,0,0,100,0,0,0,0,0,0,435370556,0,0,0,0,0,0,0,0,0,0,0,0,0,6988000,0,0,0,0,1697928336,6160688792
31-Mar-2026,TRUK,GUNA TIMUR RAYA Tbk,0,0,0,0,0,0,0,0,1105200,0,0,0,100,0,0,0,0,0,0,261734800,0,0,0,0,0,0,0,40000,0,0,0,0,0,15100,0,0,0,0,172104800,435000000
31-Mar-2026,TRUS,TRUST FINANCE INDONESIA Tbk,200,0,0,0,0,0,0,0,298545700,0,0,0,100,0,0,0,0,0,0,65766300,0,0,0,0,0,0,0,0,0,0,0,0,1000,100000,0,0,0,0,195586700,560000000
31-Mar-2026,TSPC,TEMPO SCAN PACIFIC Tbk,6767449,758600,8924700,837290,0,7318600,2571405,839200,5338020,117202,0,489900,586929,1800000,0,0,0,0,807400,4109117987,0,0,0,0,0,0,0,0,0,0,0,0,44185593,8205265,9042207,2202000,6286900,39000,287385103,4503620750
31-Mar-2026,TUGU,ASURANSI TUGU PRATAMA INDONESIA Tbk,24814248,2401140,0,0,0,0,10837080,0,11151900,0,0,182000,207200,50000,146473582,0,0,0,0,15149800,0,0,1407800,10388000,0,0,186200,0,0,0,4027800,0,81867582,592601934,11327016,158700,193209600,0,369134018,1475575600
31-Mar-2026,TYRE,KING TIRE INDONESIA Tbk,0,0,0,0,0,0,0,500000,203600,0,0,0,500000,0,0,0,0,0,0,532758500,0,0,0,0,0,0,0,0,0,0,0,0,0,0,0,0,0,0,168599627,702561727
31-Mar-2026,UANG,PAKUAN Tbk,325900,0,0,0,0,2427184,0,0,483700,0,0,0,100,0,59385100,0,0,0,0,818859666,0,0,0,0,0,0,0,0,0,0,0,0,0,93900,0,0,0,19400,299371050,1180966000
31-Mar-2026,UCID,UNI-CHARM INDONESIA Tbk,141644912,0,0,12154000,0,16831700,0,4641200,25878100,8000111,0,0,8041600,0,149308800,0,0,0,0,571289200,0,0,0,3114000,0,0,533400,0,0,0,0,0,161876618,75714984,1083375,17738400,1607800,2746500,179109700,1381314400
31-Mar-2026,UDNG,AGRO BAHARI NUSANTARA Tbk,129200,0,2500,0,0,0,0,0,3126900,0,0,0,0,12000,0,0,0,0,0,88178400,0,0,0,0,0,300,0,0,0,0,0,0,30000,35860,0,23315000,0,0,1635180212,1750040072
31-Mar-2026,UFOE,DAMAI SEJAHTERA ABADI Tbk,681,0,0,0,0,0,0,0,693360,0,0,0,126,0,10977900,0,0,0,0,125935369,0,0,0,0,0,0,0,0,0,0,0,0,0,162,0,0,0,36,442044059,579651693
31-Mar-2026,ULTJ,ULTRAJAYA MILK INDUSTRY AND TRADING COMPANY Tbk,14878947,118200,42232800,0,66000,1753000,8116182,4770000,3606500,260348,0,70306772,82383600,66500,0,0,0,0,0,171827100,0,0,0,0,0,0,0,0,0,0,960600,0,267612261,28520986,69212987,687500,506891818,869800,5780713139,7055855040
31-Mar-2026,UNIC,UNGGUL INDAH CAHAYA Tbk,52982,0,0,0,0,2,0,221100,3160,55,0,0,100,0,0,0,0,0,0,259530054,0,0,0,0,0,0,0,228480,0,0,0,0,362174,17692,35139,8125,1954884,74,116504448,378918469
31-Mar-2026,UNIQ,ULIMA NITRA Tbk,3447700,0,0,0,0,0,0,0,23741300,0,0,0,100,0,0,0,0,0,0,40314300,0,0,0,0,0,0,0,20000,0,0,0,0,0,80100,0,0,0,0,3071379500,3138983000
31-Mar-2026,UNIT,CAHAYA PERMATA SEJAHTERA Tbk,0,3690100,232075,0,0,0,0,0,0,250,533700,0,365000,0,0,0,0,0,0,16449225,0,0,0,0,0,0,0,0,0,0,5749750,0,0,510460,0,150,0,0,21827140,49357850
31-Mar-2026,UNSP,BAKRIE SUMATERA PLANTATIONS Tbk,12538139,58,62757065,2300000,633,5002670,0,107710,7989845,9808,0,0,821827,0,39650,71611,0,0,873100,805240133,0,0,0,67500,0,0,0,108590,0,0,126537146,46050,1465655,29051116,7957150,0,34996106,347520,1400311105,2498640187
31-Mar-2026,UNTD,TERANG DUNIA INTERNUSA Tbk,0,0,0,0,0,0,0,0,18874300,0,0,0,9733000,0,150600,0,0,0,0,712700600,0,0,0,0,0,0,0,0,0,0,0,0,0,0,0,0,0,200,925208000,1666666700
31-Mar-2026,UNTR,UNITED TRACTORS Tbk,63950268,26755219,3384898,38774227,100,3167489,124279021,8532217,16819570,1634659,24960600,18258795,4060660,886827,1584300,0,0,0,600,229689647,692500,21951900,52051378,2937757,0,100,11300,12522300,450600,0,4119089,91700,386068821,8558517,158978759,4258568,182626970,11303747,95037338,1508410341
31-Mar-2026,UNVR,UNILEVER INDONESIA Tbk,88841517,7347900,7981600,37259760,0,72058400,199548561,13521300,147446152,873399,0,20076900,11679095,2418385,111479450,50000,0,0,0,292034934,1600,170662800,17967300,62174300,0,1200,0,265900,2003700,0,9165842,447000,1885583968,48232943,311445979,55470173,764522432,22289375,1168604930,5531575595
31-Mar-2026,URBN,URBAN JAKARTA PROPERTINDO Tbk,1220600,0,25630300,0,160000000,0,0,0,786600,0,0,0,100,0,0,0,0,0,0,2851917199,0,0,0,0,0,0,0,0,0,0,0,0,0,0,0,0,0,0,192567841,3232122640
31-Mar-2026,UVCR,TRIMEGAH KARYA PRATAMA Tbk,6208900,0,0,0,0,0,0,0,35168600,0,0,0,21100,280100,1485600,0,0,0,0,876249267,0,0,0,0,0,0,0,0,0,0,0,0,0,620000,173400,0,0,0,1079937871,2000144838
31-Mar-2026,VAST,VASTLAND INDONESIA Tbk,0,0,0,0,0,0,0,0,1477100,0,0,0,100,0,0,0,0,0,0,16055700,0,0,0,0,0,0,0,0,0,0,0,0,0,700,0,0,0,40,632503409,650037049
31-Mar-2026,VERN,VERONA INDAH PICTURES Tbk,400,0,700000,0,0,0,0,0,1586200,0,0,0,0,0,0,0,0,0,0,1300000,0,0,0,0,0,0,0,0,0,0,0,0,0,50,0,0,0,0,4762061533,4765648183
31-Mar-2026,VICI,VICTORIA CARE INDONESIA Tbk,1605500,0,0,0,0,0,0,0,8632600,70,0,0,100,4101300,0,0,0,0,0,6094275400,0,0,0,0,0,0,0,0,0,0,0,0,666900,2490559,469371,0,0,0,594138200,6706380000
31-Mar-2026,VICO,VICTORIA INVESTAMA Tbk,0,0,0,0,0,0,0,0,354363200,0,0,0,100,0,0,0,0,0,11810000,10468386324,0,0,0,0,0,0,0,0,0,0,0,0,0,192,0,0,0,0,4382515842,15217075658
31-Mar-2026,VINS,VICTORIA INSURANCE Tbk,0,0,1319359038,0,868500,0,0,0,9971900,0,0,0,600,0,0,0,0,0,0,136621300,0,0,0,0,0,0,0,0,0,0,0,0,46650000,39300,0,0,0,0,39920121,1553430759
31-Mar-2026,VISI,SATU VISI PUTRA Tbk,1005200,0,0,0,0,100000,0,0,2251000,0,0,0,0,400000,0,0,0,0,0,3266700,0,0,0,0,0,0,0,0,0,0,0,0,0,523800,0,0,0,0,3067453300,3075000000
31-Mar-2026,VIVA,VISI MEDIA ASIA Tbk,796856154,0,716709800,242824620,0,2615119800,0,31800,328825750,50,0,0,114889553,7000,1000000,0,0,0,0,7105373225,0,0,0,0,0,0,0,0,0,0,113320000,0,386683400,73624986,27207450,2000000,97859400,933400,3790054012,16413320400
31-Mar-2026,VKTR,VKTR TEKNOLOGI MOBILITAS Tbk,18027300,0,70000000,0,3093750000,320833400,1233400,100,1860517659,0,0,0,2412500,400,0,0,0,0,0,33691934741,0,0,0,0,0,0,0,1600,0,0,0,0,29680900,1251465000,0,1445555100,777100,0,1963810800,43750000000
31-Mar-2026,VOKS,VOKSEL ELECTRIC Tbk,562010,0,0,0,0,0,0,203500000,180750,1000,0,0,1430100,0,0,0,0,0,35000,2678510620,0,0,0,0,0,0,0,0,0,0,0,0,0,1047300140,0,15000,2670000,0,214475675,4148680295
31-Mar-2026,VRNA,MIZUHO LEASING INDONESIA Tbk,1299580704,0,350000,0,0,0,0,0,475900,0,0,0,1110790,0,0,0,0,0,0,244054740,0,0,0,0,0,0,0,0,0,0,0,0,0,736200,61904800,3835346804,0,0,108402459,5551962397
31-Mar-2026,VTNY,VENTENY FORTUNA INTERNATIONAL Tbk,56000,0,0,0,605844660,20400935,0,0,8596500,0,0,0,12309591,0,0,0,0,0,0,3721326300,0,0,0,0,0,0,0,0,0,0,0,0,5410000,46800200,0,0,0,0,1844449259,6265193445
31-Mar-2026,WAPO,WAHANA PRONATURAL Tbk,457500,0,0,0,0,0,0,0,1640300,4500,0,0,100,0,0,0,0,0,0,1005947000,0,0,0,0,0,0,0,0,0,0,0,0,0,24827100,0,0,0,0,198045611,1230922111
31-Mar-2026,WEGE,WIJAYA KARYA BANGUNAN GEDUNG Tbk,74678791,0,100,2450000,0,0,0,22291700,19735500,542,0,0,100,20000,0,0,0,0,0,31013500,0,19761100,0,35932700,0,0,0,319382000,0,0,0,0,18077400,364241581,22045900,0,21624900,400,1920743786,2872000000
31-Mar-2026,WEHA,WEHA TRANSPORTASI INDONESIA Tbk,11303200,0,0,0,0,0,0,0,43822671,0,0,0,100,0,0,0,0,0,0,1085589095,0,0,0,0,0,0,0,0,0,0,0,0,7992900,9211,0,0,0,82,307875593,1456592852
31-Mar-2026,WGSH,WIRA GLOBAL SOLUSI Tbk,0,0,0,0,115811000,0,0,19331700,741800,0,0,0,100,0,0,0,0,0,0,597198900,0,0,0,0,5880000,0,0,0,0,0,0,0,3085000,0,0,0,0,0,299926500,1041975000
31-Mar-2026,WICO,WICAKSANA OVERSEAS INTERNATIONAL Tbk,3240,0,63500,0,0,0,0,0,201,5060,0,0,100,0,0,0,0,0,0,2286104132,0,0,0,0,0,0,0,0,0,0,0,0,0,62283410,0,416,0,40,44846015,2393306114
31-Mar-2026,WIDI,WIDIANT JAYA KRENINDO Tbk,0,0,0,0,0,0,0,0,0,0,0,0,0,0,0,0,0,0,0,0,0,0,0,0,0,0,0,0,0,0,0,0,0,150080,0,0,0,0,799881603,800031683
31-Mar-2026,WIFI,SOLUSI SINERGI DIGITAL Tbk,5046025,0,385200,16432900,0,5033400,30714275,600000,6875500,71,0,89823801,118700,1553325,703500,0,0,0,42900,3033502691,0,0,0,0,0,8000,0,17500,0,0,0,0,90021054,11854052,21105926,0,3859575,916835,1989141785,5308549015
31-Mar-2026,WIIM,WISMILAK INTI MAKMUR Tbk,18545606,2577735,0,1302800,0,0,146633,0,2808358,83,0,0,100,6967000,176500,0,0,0,0,25098220,0,0,0,0,0,0,0,0,0,0,0,0,66389763,5936858,7579666,1647400,64225600,0,898577748,1101980070
31-Mar-2026,WIKA,WIJAYA KARYA (PERSERO) Tbk,25360792,4391193,81,127984600,0,2139800,48379600,35400,36720100,4939,3901000,78717165,386427,950297,14243,0,0,0,0,162729373,0,216260714,0,8621988,0,0,550000,3597000,0,0,900000,6780600,94708929,38530501,150065035,1279825,437045319,4168140,2124169116,3578392177
31-Mar-2026,WINE,HATTEN BALI Tbk,325000,0,0,0,0,66945400,0,0,4175300,0,0,0,100,6660000,63616515,0,0,0,0,82896585,0,0,0,0,0,0,0,0,0,0,0,0,40706000,205300300,0,0,0,0,207374800,678000000
31-Mar-2026,WINR,WINNER NUSANTARA JAYA Tbk,21649800,0,0,0,0,0,0,0,0,0,0,0,100,100000,0,0,0,0,0,3389568000,0,0,0,0,0,0,0,0,0,0,0,0,0,10247,0,0,0,633,1818787250,5230116030
31-Mar-2026,WINS,WINTERMAR OFFSHORE MARINE Tbk,73717993,1703545,0,0,0,325343121,2816553,552420,7521231,168,0,0,205154987,2,0,0,0,0,0,781366813,0,0,0,0,0,0,0,0,0,0,0,0,299012149,21724883,1166600,363023,8185435,92,1734568808,3463197823
31-Mar-2026,WIRG,WIR ASIA Tbk,54239100,0,5590000,147968700,134580000,200000,24720600,0,703668210,530000,0,0,5885100,9972200,23200,0,0,0,0,839252724,2600,0,0,4234000,0,0,0,112000,0,0,0,0,107251000,30228063,5943000,4928000,0,300,9608133597,11687462394
31-Mar-2026,WMPP,WIDODO MAKMUR PERKASA Tbk,552800,0,130000,0,0,50000,0,0,32332350,0,0,335000000,95300,3600,58500,0,0,0,0,4288496000,0,0,0,0,0,0,0,1815956500,0,0,27709800,0,0,739505300,0,0,0,0,12129109850,19369000000
31-Mar-2026,WMUU,WIDODO MAKMUR UNGGAS Tbk,43160400,0,0,0,0,0,0,0,79146900,0,0,0,100,2500,554500,0,0,0,0,4850947228,0,0,0,0,0,0,0,127351019,0,0,0,0,11000000,5720400,0,0,1322500,1200,6071969753,11191176500
31-Mar-2026,WOMF,WAHANA OTTOMITRA MULTIARTHA Tbk,2352250529,0,736000,0,0,55765925,0,1170000,37016800,104,3948500,0,1298196,0,0,0,0,0,0,881151100,0,0,0,0,0,0,0,0,0,0,0,0,4400000,1014522,0,69,0,0,142729735,3481481480
31-Mar-2026,WOOD,INTEGRA INDOCABINET Tbk,2344900,0,0,0,0,0,481500,300000,2660600,61,0,0,100,50000,174641500,0,0,0,10700,1755366500,0,0,0,60000,0,0,0,0,0,0,294100,0,19317500,53839322,500000,0,0,0,950133217,2960000000
31-Mar-2026,WOWS,GINTING JAYA ENERGI Tbk,8640700,0,0,0,0,0,0,0,19262300,0,0,0,100,0,0,0,0,0,0,1054375048,0,0,0,3333300,0,0,0,0,0,0,0,0,0,17500000,2222200,0,0,100,1315339300,2420673048
31-Mar-2026,WSBP,WASKITA BETON PRECAST Tbk,89609650,0,141539860,0,387200,17200000,0,0,87080166,501491,0,0,1600100,2348065007,87163248,0,0,0,377585438,21496147928,7500,476511178,0,25850000,0,0,0,5977000,0,0,13822881,0,9101505,28461543,131954700,1000000,1221146600,758208,12080385334,38641856537
31-Mar-2026,WSKT,WASKITA KARYA (PERSERO) Tbk,7653170,7803114,197800,63322514,0,24249000,271783319,2109057,7448110,40213,1295504,32023763,914047,3933700,247000,0,0,0,0,299777635,1000,248423600,0,34625315,0,0,0,1181600,2094116,0,202595,9784278,746508397,205052052,249614680,6618695,692892241,25170637,4156205202,7101172354
31-Mar-2026,WTON,WIJAYA KARYA BETON Tbk,56781271,0,0,0,0,4700000,0,0,10997800,89,0,0,698800,0,10500,0,0,0,0,67330100,0,120468400,0,8740500,0,0,0,390775149,0,0,0,614700,24789800,151370546,41529100,0,269846700,250200,2251239945,3400143600
31-Mar-2026,YELO,YELOOO INTEGRA DATANET Tbk,1577200,0,0,0,0,1750000,0,0,235900,0,0,0,100,3500,0,0,0,0,0,725640746,0,100,0,0,0,0,0,0,0,0,0,0,0,98,0,0,0,100100,1183466661,1912774405
31-Mar-2026,YOII,ASURANSI DIGITAL BERSAMA Tbk,5602900,0,0,0,0,0,0,0,6196700,0,0,0,0,0,0,0,0,0,0,171187500,0,0,0,54800000,0,0,0,0,0,0,0,0,0,3966000,326522200,0,0,22460000,451132200,1041867500
31-Mar-2026,YPAS,YANAPRIMA HASTAPERSADA Tbk,0,0,0,0,0,0,0,0,33900,0,0,0,2600,0,0,0,0,0,0,597650500,0,0,0,0,0,0,0,0,0,0,0,0,0,7020,0,0,0,0,67956569,665650589
31-Mar-2026,YULE,YULIE SEKURITAS INDONESIA Tbk,27600,0,0,0,0,127728800,0,45900000,700,0,0,0,100,0,500,0,0,0,0,223948678,0,0,0,0,0,0,0,45527906,0,0,0,0,0,245668100,0,0,22728200,0,1073469416,1785000000
31-Mar-2026,YUPI,YUPI INDO JELLY GUM Tbk,800,0,0,184390100,0,0,0,0,91900,0,288669900,0,0,24000,0,0,0,0,0,7690079400,0,0,0,0,0,0,0,0,0,0,0,0,370289100,2256100,0,0,0,0,8687400,8544488700
31-Mar-2026,ZATA,BERSAMA ZATTA JAYA Tbk,43478800,0,0,0,0,0,0,0,9602600,0,0,0,100,0,0,0,0,0,0,5844200322,0,0,0,0,0,0,0,0,0,0,0,0,0,0,0,0,0,9200,2598708978,8496000000
31-Mar-2026,ZBRA,DOSNI ROHA INDONESIA Tbk,117601021,90,106008661,0,12978607,0,0,0,2874,0,0,0,100,0,0,0,0,0,0,1662588976,0,0,0,0,0,0,0,0,0,0,0,0,0,387251282,300000,12854,0,0,222971757,2509716222
31-Mar-2026,ZINC,KAPUAS PRIMA COAL Tbk,13087500,0,200,913235341,0,0,0,0,100,0,0,0,381028339,0,2335728,0,0,0,0,2706234643,0,100,0,0,0,0,0,3000,0,0,0,29058513,0,8906634,400000,0,0,4055000,18775654902,22834000000
31-Mar-2026,ZONE,MEGA PERINTIS Tbk,0,0,0,0,0,0,0,0,80000,0,0,0,100,0,0,0,0,0,0,285661478,0,0,0,0,0,0,0,0,0,0,0,0,0,41921200,0,0,0,0,25983700,353646478
31-Mar-2026,ZYRX,ZYREXINDO MANDIRI BUANA Tbk,0,0,3330000,0,0,0,0,0,1400300,0,0,0,100,0,0,0,0,0,0,208077000,0,0,0,0,0,0,0,0,0,0,0,0,0,91800,0,0,0,0,120435356,333334556
